frame,seconds,scene,mean_luma,stddev_luma,dark_fraction_le_5,white_fraction_ge_250,previous_frame_mad,changed_fraction_gt_8
0,0.0,1,235.762083,6.189445,0.0,0.0,0.0,0.0
1,0.033333,1,235.712014,6.198346,0.0,0.0,0.067153,0.0
2,0.066667,1,235.462708,6.283897,0.0,0.0,0.261528,0.000139
3,0.1,1,235.03875,6.611576,0.0,0.0,0.432153,0.002708
4,0.133333,1,234.516667,7.286994,0.0,0.0,0.529028,0.006389
5,0.166667,1,233.829236,8.507779,0.0,0.0,0.703819,0.016736
6,0.2,1,233.050417,10.089459,0.0,0.0,0.792431,0.019097
7,0.233333,1,232.151667,12.220977,0.0,0.0,0.91875,0.023194
8,0.266667,1,231.171389,14.587083,0.0,0.0,1.000694,0.02375
9,0.3,1,230.144861,17.152959,0.0,0.0,1.074722,0.025694
10,0.333333,1,229.010556,19.985315,0.0,0.0,1.183889,0.030417
11,0.366667,1,228.001667,22.285608,0.0,0.0,1.094722,0.029028
12,0.4,1,227.269653,23.446727,0.0,0.0,0.840903,0.024097
13,0.433333,1,226.430625,24.87881,0.0,0.0,0.960556,0.042292
14,0.466667,1,225.618819,26.443344,0.0,0.0,1.004306,0.048403
15,0.5,1,224.693472,28.287533,0.0,0.0,1.126597,0.060694
16,0.533333,1,223.811667,30.198817,0.0,0.0,1.163333,0.059583
17,0.566667,1,222.816181,32.354188,0.0,0.0,1.285625,0.071944
18,0.6,1,221.83375,34.611005,0.0,0.0,1.396319,0.073611
19,0.633333,1,220.815486,36.972412,0.0,0.0,1.484375,0.077083
20,0.666667,1,219.836528,39.345598,0.0,0.001458,1.549653,0.0775
21,0.7,1,218.763125,41.910534,0.0,0.005556,1.642708,0.079306
22,0.733333,1,217.738542,44.405651,0.0,0.009167,1.721389,0.083819
23,0.766667,1,216.668819,46.981429,0.0,0.013264,1.859306,0.084306
24,0.8,1,215.765694,49.288625,0.0,0.015972,1.881042,0.083611
25,0.833333,1,214.881389,51.449803,0.0,0.015278,1.917222,0.083333
26,0.866667,1,214.436736,52.394137,0.002153,0.015,1.833819,0.074444
27,0.9,1,214.193681,52.685989,0.002292,0.015764,1.81125,0.069583
28,0.933333,1,213.975139,52.939613,0.001944,0.016875,1.842431,0.069653
29,0.966667,1,213.729583,53.182398,0.002569,0.016111,1.864167,0.072292
30,1.0,1,213.470625,53.387961,0.001806,0.016111,1.921181,0.072014
31,1.033333,1,213.176389,53.721107,0.001806,0.016736,1.968125,0.071806
32,1.066667,1,212.927986,54.026623,0.002014,0.017639,1.990069,0.07375
33,1.1,1,212.656736,54.237997,0.002292,0.017153,2.0025,0.070833
34,1.133333,1,212.408819,54.412546,0.002292,0.0175,2.148472,0.073333
35,1.166667,1,212.118958,54.703403,0.0025,0.017708,2.212083,0.07625
36,1.2,1,211.895694,54.980077,0.002292,0.018056,2.253264,0.076597
37,1.233333,1,211.653472,55.24333,0.002222,0.018264,2.407083,0.079514
38,1.266667,1,211.413472,55.484367,0.002569,0.018264,2.490417,0.081597
39,1.3,1,211.129653,55.722309,0.002361,0.019236,2.635764,0.087847
40,1.333333,1,210.883056,55.962932,0.002569,0.019028,2.762708,0.091597
41,1.366667,1,210.592847,56.234121,0.0025,0.020486,2.922014,0.097847
42,1.4,1,210.291181,56.551297,0.002708,0.020347,3.115556,0.098958
43,1.433333,1,209.935764,56.898403,0.002569,0.020694,3.247083,0.102292
44,1.466667,1,209.592431,57.275508,0.002708,0.020625,3.384583,0.105
45,1.5,1,209.174722,57.688011,0.002778,0.02125,3.503681,0.107222
46,1.533333,1,208.737153,58.122685,0.002361,0.021667,3.680903,0.110903
47,1.566667,1,208.219167,58.50603,0.002847,0.022222,3.819514,0.116111
48,1.6,1,207.731528,58.966235,0.002708,0.024167,3.998194,0.119375
49,1.633333,1,207.163958,59.457683,0.003264,0.025,4.097569,0.123611
50,1.666667,1,206.581319,60.047218,0.003194,0.023681,4.236944,0.125556
51,1.7,1,205.923403,60.561629,0.003472,0.024514,4.374722,0.131597
52,1.733333,1,205.305833,61.151814,0.003472,0.026528,4.524375,0.133125
53,1.766667,1,204.618681,61.662201,0.003611,0.027708,4.574097,0.135903
54,1.8,1,203.915833,62.218319,0.003472,0.027639,4.853403,0.139583
55,1.833333,1,203.146944,62.885876,0.003681,0.028125,4.994306,0.143819
56,1.866667,1,202.436042,63.448372,0.00375,0.028056,5.060208,0.145278
57,1.9,1,201.652639,64.103606,0.00375,0.029861,5.163681,0.148819
58,1.933333,1,200.85375,64.697148,0.004375,0.031736,5.315,0.154861
59,1.966667,1,199.997847,65.278443,0.004722,0.032222,5.454653,0.158542
60,2.0,1,199.207639,65.943124,0.004792,0.031111,5.525069,0.157639
61,2.033333,1,198.34,66.44703,0.004792,0.032639,5.595417,0.165208
62,2.066667,1,197.548611,67.21304,0.004583,0.034583,5.625972,0.163264
63,2.1,1,196.681806,67.829536,0.005069,0.035764,5.704028,0.167153
64,2.133333,1,195.896389,68.363017,0.005069,0.03625,5.771389,0.170139
65,2.166667,1,195.009514,68.997791,0.005208,0.036181,5.832847,0.167778
66,2.2,1,194.461806,69.394553,0.005833,0.038889,6.238958,0.193681
67,2.233333,1,194.045486,69.57051,0.006181,0.038958,6.270486,0.198194
68,2.266667,1,193.685278,69.965983,0.005972,0.038403,6.297986,0.195208
69,2.3,1,193.212083,70.365828,0.006181,0.043542,6.312639,0.197083
70,2.333333,1,192.695278,70.988333,0.006597,0.040486,6.218611,0.193611
71,2.366667,1,192.076319,71.581617,0.006806,0.043056,6.149236,0.195972
72,2.4,1,191.498819,72.04094,0.006597,0.05,6.098611,0.183611
73,2.433333,1,190.785556,72.602952,0.006944,0.043889,6.085764,0.182292
74,2.466667,1,190.036944,73.013272,0.006875,0.044167,5.920417,0.184375
75,2.5,1,189.187917,73.273901,0.007361,0.046528,5.69375,0.177153
76,2.533333,1,188.488611,73.649638,0.006111,0.054861,5.499861,0.173681
77,2.566667,1,187.732986,74.25235,0.007361,0.050625,5.381597,0.173958
78,2.6,1,187.039236,74.671741,0.007986,0.049375,5.165278,0.170903
79,2.633333,1,186.307778,74.999308,0.007986,0.047222,5.028125,0.167847
80,2.666667,1,185.741389,75.097984,0.008403,0.051736,4.833333,0.165764
81,2.7,1,185.151319,75.316002,0.008264,0.056458,4.540625,0.158611
82,2.733333,1,184.629861,75.56866,0.008333,0.055903,4.323403,0.149167
83,2.766667,1,184.113403,75.620673,0.008819,0.053958,3.886319,0.136389
84,2.8,1,183.766944,75.758027,0.008819,0.054375,3.563542,0.123542
85,2.833333,1,183.403264,75.924679,0.008889,0.053056,3.069375,0.107986
86,2.866667,1,183.132014,76.095087,0.008333,0.054167,2.731944,0.095486
87,2.9,1,182.871389,76.29519,0.008819,0.054097,2.193681,0.069653
88,2.933333,1,182.774375,76.478026,0.008472,0.055625,1.827292,0.056042
89,2.966667,1,182.609792,76.623971,0.008681,0.055139,1.602639,0.048403
90,3.0,1,182.474375,76.688447,0.008611,0.054028,1.376944,0.037778
91,3.033333,1,182.287639,76.8104,0.008194,0.054306,1.161458,0.026597
92,3.066667,1,182.220278,76.846687,0.008264,0.055,0.955,0.017986
93,3.1,1,182.096736,76.951315,0.007986,0.055972,0.797014,0.013611
94,3.133333,1,181.995833,77.032206,0.007986,0.056944,0.630903,0.009167
95,3.166667,1,181.843819,77.114797,0.008264,0.058194,0.516736,0.005903
96,3.2,1,181.808611,77.065516,0.008056,0.06,0.430486,0.005278
97,3.233333,1,181.718056,77.07474,0.008264,0.059583,0.375,0.003611
98,3.266667,1,181.66375,77.075673,0.008264,0.060139,0.316806,0.0025
99,3.3,1,181.533333,77.143158,0.008542,0.059514,0.309722,0.001389
100,3.333333,1,181.537639,77.11711,0.008403,0.060069,0.28375,0.000556
101,3.366667,1,181.45625,77.163314,0.008542,0.058681,0.286667,0.001111
102,3.4,1,181.432431,77.17572,0.008472,0.057569,0.305625,0.00125
103,3.433333,1,181.335972,77.241519,0.008611,0.056806,0.372847,0.001736
104,3.466667,1,181.350208,77.231263,0.008194,0.056944,0.465486,0.002847
105,3.5,1,181.312222,77.232662,0.008472,0.057014,0.573542,0.005556
106,3.533333,1,181.302986,77.209403,0.009097,0.056875,0.721319,0.009861
107,3.566667,1,181.231181,77.21253,0.009236,0.057222,0.915417,0.015
108,3.6,1,181.252569,77.144052,0.009861,0.056806,1.096944,0.021319
109,3.633333,1,181.240417,77.049307,0.009861,0.05625,1.298264,0.033056
110,3.666667,1,181.228889,76.90701,0.009583,0.056111,1.591528,0.044514
111,3.7,1,181.182639,76.870826,0.009236,0.055486,1.895,0.062014
112,3.733333,1,181.221458,76.893232,0.008819,0.055486,2.265486,0.075694
113,3.766667,1,181.274583,76.761787,0.008889,0.054028,4.635903,0.163681
114,3.8,1,181.455139,77.14456,0.009167,0.057153,8.891111,0.236667
115,3.833333,1,181.654028,76.927074,0.008194,0.060347,12.877361,0.282222
116,3.866667,1,182.035347,76.724203,0.00875,0.061111,15.230625,0.310764
117,3.9,1,182.420764,75.948761,0.008125,0.054931,17.162917,0.331806
118,3.933333,1,182.925,75.888146,0.008472,0.050903,18.364792,0.342847
119,3.966667,1,183.340764,75.737172,0.008681,0.053542,19.837431,0.360486
120,4.0,2,184.042361,75.683113,0.008958,0.056944,20.752014,0.369514
121,4.033333,2,184.602708,75.34149,0.008542,0.054653,21.256736,0.376736
122,4.066667,2,187.306806,71.480099,0.0,0.047361,21.245069,0.385069
123,4.1,2,191.945139,64.956866,0.0,0.036389,20.475972,0.391389
124,4.133333,2,197.145625,57.858891,0.0,0.025903,18.728542,0.391458
125,4.166667,2,202.421944,50.762069,0.0,0.004444,16.646736,0.385208
126,4.2,2,207.659861,44.102497,0.0,0.000278,14.646806,0.378403
127,4.233333,2,213.366875,37.684436,0.0,0.005903,13.124653,0.376875
128,4.266667,2,218.326736,32.810044,0.0,0.14125,10.72375,0.359792
129,4.3,2,226.818681,28.724911,0.0,0.231944,12.26375,0.345694
130,4.333333,2,229.702639,26.680583,0.0,0.294861,5.950208,0.240486
131,4.366667,2,232.080208,25.456748,0.0,0.3025,4.887847,0.22625
132,4.4,2,234.228958,24.810353,0.0,0.307292,3.974444,0.182639
133,4.433333,2,236.001319,24.59636,0.0,0.311736,3.2975,0.117986
134,4.466667,2,237.285625,23.78905,0.0,0.3125,2.574583,0.041181
135,4.5,2,238.037708,24.547161,0.0,0.317917,1.874167,0.036806
136,4.533333,2,238.270972,23.967569,0.0,0.316944,1.094514,0.023056
137,4.566667,2,238.174792,23.925041,0.0,0.31625,0.697847,0.013333
138,4.6,2,238.100694,24.060531,0.0,0.318681,0.323125,0.009653
139,4.633333,2,238.009931,24.132573,0.0,0.319514,0.153958,0.005903
140,4.666667,2,237.904514,24.258592,0.0,0.32,0.161528,0.006528
141,4.7,2,237.784722,24.448876,0.0,0.320486,0.193542,0.007708
142,4.733333,2,237.649931,24.723656,0.0,0.320694,0.191875,0.007778
143,4.766667,2,237.501389,25.102999,0.0,0.321319,0.208264,0.008472
144,4.8,2,237.33625,25.587719,0.0,0.3225,0.217639,0.008611
145,4.833333,2,237.122222,26.051705,0.0,0.320764,0.27875,0.008403
146,4.866667,2,237.009306,26.150221,0.0,0.319653,0.168611,0.0025
147,4.9,2,236.874236,26.243083,0.0,0.317222,0.201181,0.003264
148,4.933333,2,236.733958,26.357921,0.0,0.314444,0.200139,0.003194
149,4.966667,2,236.608264,26.436372,0.0,0.310764,0.218889,0.004097
150,5.0,2,236.429444,26.581066,0.0,0.307292,0.266736,0.005347
151,5.033333,2,236.258194,26.735772,0.0,0.303125,0.268194,0.005139
152,5.066667,2,236.122847,26.876567,0.0,0.299444,0.225208,0.004444
153,5.1,2,236.016528,26.980054,0.0,0.296181,0.213819,0.003333
154,5.133333,2,235.912222,27.106886,0.0,0.294444,0.192639,0.002778
155,5.166667,2,235.901736,27.158808,0.0,0.294306,0.112431,0.001181
156,5.2,2,235.889792,27.212528,0.0,0.294097,0.096667,0.000556
157,5.233333,2,235.908333,27.22438,0.0,0.294444,0.090069,0.000278
158,5.266667,2,235.903194,27.253238,0.0,0.294167,0.078611,0.000417
159,5.3,2,235.910139,27.262744,0.0,0.293681,0.076806,0.000208
160,5.333333,2,235.897222,27.28779,0.0,0.293819,0.079167,0.0
161,5.366667,2,235.911528,27.27319,0.0,0.294514,0.080972,0.0
162,5.4,2,235.906181,27.283471,0.0,0.294722,0.069375,0.000208
163,5.433333,2,235.91375,27.278241,0.0,0.295208,0.073125,6.9e-05
164,5.466667,2,235.905417,27.290799,0.0,0.295972,0.070556,0.0
165,5.5,2,235.917569,27.266874,0.0,0.296042,0.070903,6.9e-05
166,5.533333,2,235.913333,27.269504,0.0,0.295972,0.063542,0.0
167,5.566667,2,235.923056,27.250842,0.0,0.295764,0.068333,0.0
168,5.6,2,235.907917,27.26551,0.0,0.295903,0.067083,0.0
169,5.633333,2,235.920625,27.24827,0.0,0.296111,0.065069,0.0
170,5.666667,2,235.917986,27.247243,0.0,0.296181,0.061806,0.0
171,5.7,2,235.926944,27.237672,0.0,0.29625,0.060625,0.0
172,5.733333,2,235.914653,27.247943,0.0,0.296042,0.056181,0.0
173,5.766667,2,235.927222,27.22581,0.0,0.295972,0.060764,0.0
174,5.8,2,235.924306,27.222549,0.0,0.295694,0.05375,0.0
175,5.833333,2,235.929514,27.213185,0.0,0.295625,0.053819,0.0
176,5.866667,2,235.918819,27.221017,0.0,0.295556,0.052917,0.0
177,5.9,2,235.930417,27.205497,0.0,0.295278,0.056181,0.0
178,5.933333,2,235.929028,27.205743,0.0,0.295139,0.047222,0.0
179,5.966667,2,235.933194,27.202004,0.0,0.295069,0.047361,0.0
180,6.0,2,235.921111,27.218757,0.0,0.294792,0.048611,0.0
181,6.033333,2,235.935278,27.195414,0.0,0.294722,0.050556,0.0
182,6.066667,2,235.929653,27.205453,0.0,0.294583,0.044097,0.0
183,6.1,2,235.935972,27.202838,0.0,0.294444,0.044653,0.0
184,6.133333,2,235.922292,27.226733,0.0,0.294375,0.042708,0.0
185,6.166667,2,235.936736,27.210148,0.0,0.294444,0.048333,0.0
186,6.2,2,235.93125,27.225981,0.0,0.294236,0.041042,0.0
187,6.233333,2,235.936944,27.224808,0.0,0.294306,0.038889,0.0
188,6.266667,2,235.924028,27.250325,0.0,0.294306,0.040278,0.0
189,6.3,2,235.939583,27.240533,0.0,0.294236,0.040972,0.0
190,6.333333,2,235.936597,27.252924,0.0,0.294097,0.033819,0.0
191,6.366667,2,235.941736,27.249518,0.0,0.294097,0.033194,0.0
192,6.4,2,235.924861,27.28014,0.0,0.294028,0.034514,0.0
193,6.433333,2,235.941667,27.265035,0.0,0.293958,0.037222,0.0
194,6.466667,2,235.935625,27.278987,0.0,0.293819,0.029514,0.0
195,6.5,2,235.94125,27.278194,0.0,0.293958,0.030069,0.0
196,6.533333,2,235.923611,27.305702,0.0,0.293958,0.031667,0.0
197,6.566667,2,235.939097,27.289054,0.0,0.294167,0.033403,0.0
198,6.6,2,235.934306,27.301564,0.0,0.294028,0.026597,0.0
199,6.633333,2,235.939444,27.299266,0.0,0.293958,0.02375,0.0
200,6.666667,2,235.920556,27.325841,0.0,0.294097,0.031528,0.0
201,6.7,2,235.938611,27.306104,0.0,0.294375,0.03125,0.0
202,6.733333,2,235.935069,27.313698,0.0,0.294514,0.023819,0.0
203,6.766667,2,235.942222,27.309878,0.0,0.294514,0.024375,0.0
204,6.8,2,235.925903,27.331728,0.0,0.294653,0.026319,0.0
205,6.833333,2,235.940833,27.313402,0.0,0.294931,0.028403,0.0
206,6.866667,2,235.936319,27.322524,0.0,0.295278,0.021597,0.0
207,6.9,2,235.941181,27.319198,0.0,0.295556,0.019583,0.0
208,6.933333,2,235.925,27.343396,0.0,0.295625,0.024236,0.0
209,6.966667,2,235.941597,27.32506,0.0,0.295833,0.026181,0.0
210,7.0,2,235.939028,27.334132,0.0,0.296111,0.020486,0.0
211,7.033333,2,235.943681,27.332032,0.0,0.296319,0.020069,0.0
212,7.066667,2,235.928056,27.35152,0.0,0.296181,0.022014,0.0
213,7.1,2,235.946806,27.331704,0.0,0.296806,0.02625,0.0
214,7.133333,2,235.943056,27.342264,0.0,0.297292,0.018194,0.0
215,7.166667,2,235.947222,27.340692,0.0,0.298056,0.017639,0.0
216,7.2,2,235.931528,27.367154,0.0,0.298194,0.023056,0.0
217,7.233333,2,235.946528,27.352517,0.0,0.299722,0.024028,0.0
218,7.266667,2,235.943125,27.361394,0.0,0.299722,0.014514,0.0
219,7.3,2,235.946806,27.357851,0.0,0.299792,0.017708,0.0
220,7.333333,2,235.931111,27.383361,0.0,0.299653,0.021111,0.0
221,7.366667,2,235.946944,27.366265,0.0,0.300069,0.022778,0.0
222,7.4,2,235.943056,27.375589,0.0,0.300069,0.013611,0.0
223,7.433333,2,235.944931,27.373839,0.0,0.300139,0.013125,0.0
224,7.466667,2,235.931597,27.3975,0.0,0.300069,0.018472,0.0
225,7.5,2,235.945556,27.381273,0.0,0.300625,0.020903,0.0
226,7.533333,2,235.940556,27.388444,0.0,0.300694,0.014028,0.0
227,7.566667,2,235.944236,27.382748,0.0,0.301042,0.012986,0.0
228,7.6,2,235.932639,27.400057,0.0,0.300972,0.017847,0.0
229,7.633333,2,235.947847,27.381299,0.0,0.301181,0.022014,0.0
230,7.666667,2,235.940972,27.392291,0.0,0.301042,0.017847,0.0
231,7.7,2,235.947569,27.382536,0.0,0.30125,0.017708,0.0
232,7.733333,2,235.933958,27.4029,0.0,0.301181,0.023056,0.0
233,7.766667,2,235.945764,27.384146,0.0,0.301319,0.033194,0.0
234,7.8,2,235.938958,27.391094,0.0,0.301389,0.0275,0.000139
235,7.833333,2,235.939792,27.384559,0.0,0.30125,0.031111,0.000486
236,7.866667,2,235.91875,27.409068,0.0,0.301111,0.037986,0.000486
237,7.9,2,235.926667,27.395565,0.0,0.301181,0.043611,0.000625
238,7.933333,2,235.920486,27.40367,0.0,0.30125,0.047986,0.000764
239,7.966667,2,235.924861,27.392784,0.0,0.300972,0.050764,0.000972
240,8.0,2,235.910764,27.414638,0.0,0.301042,0.044931,0.000417
241,8.033333,2,235.920208,27.401715,0.0,0.300347,0.065,0.000833
242,8.066667,2,235.910625,27.404995,0.0,0.300139,0.065,0.000903
243,8.1,2,235.914097,27.419157,0.0,0.300278,0.057917,0.000833
244,8.133333,2,235.900139,27.440466,0.0,0.3,0.072847,0.001042
245,8.166667,2,235.916736,27.410001,0.0,0.299861,0.076597,0.000833
246,8.2,2,235.918194,27.404756,0.0,0.299306,0.077569,0.000972
247,8.233333,2,235.937292,27.355634,0.0,0.298889,0.079375,0.001042
248,8.266667,2,235.934931,27.333796,0.0,0.298403,0.088333,0.001111
249,8.3,2,235.962292,27.260873,0.0,0.298125,0.088889,0.000903
250,8.333333,2,235.973681,27.216875,0.0,0.297222,0.086389,0.000972
251,8.366667,2,235.986736,27.170852,0.0,0.29625,0.085139,0.000833
252,8.4,2,235.977778,27.185922,0.0,0.296111,0.089931,0.000972
253,8.433333,2,235.999167,27.13073,0.0,0.296111,0.086528,0.000764
254,8.466667,2,235.995,27.125362,0.0,0.295903,0.079306,0.000486
255,8.5,2,235.998125,27.112383,0.0,0.295833,0.073125,0.000208
256,8.533333,2,235.987986,27.13047,0.0,0.295903,0.068333,6.9e-05
257,8.566667,2,236.001458,27.133191,0.0,0.295972,0.080694,0.000347
258,8.6,2,235.996319,27.146407,0.0,0.295972,0.078194,0.000208
259,8.633333,2,236.001944,27.151281,0.0,0.295972,0.085069,0.000208
260,8.666667,2,235.989306,27.168055,0.0,0.295833,0.0875,0.000208
261,8.7,2,236.003056,27.154872,0.0,0.296042,0.08625,0.0
262,8.733333,2,236.000556,27.167081,0.0,0.295972,0.096806,0.000278
263,8.766667,2,236.009583,27.167296,0.0,0.293194,0.100417,0.000417
264,8.8,2,236.001667,27.17252,0.0,0.293264,0.11375,0.000764
265,8.833333,2,236.022639,27.152364,0.0,0.292917,0.126111,0.000694
266,8.866667,2,236.020486,27.151216,0.0,0.292917,0.127708,0.000972
267,8.9,2,236.035625,27.12065,0.0,0.292639,0.1275,0.001111
268,8.933333,2,236.0275,27.132859,0.0,0.292569,0.142708,0.001389
269,8.966667,2,236.046875,27.134377,0.0,0.293125,0.155625,0.002083
270,9.0,2,236.039931,27.178673,0.0,0.295278,0.141528,0.001667
271,9.033333,2,236.047222,27.217753,0.0,0.295347,0.138542,0.001875
272,9.066667,2,236.025556,27.306726,0.0,0.295764,0.1375,0.001806
273,9.1,2,236.033542,27.354104,0.0,0.295486,0.141736,0.001806
274,9.133333,2,236.012292,27.413886,0.0,0.294792,0.140278,0.001319
275,9.166667,2,236.015417,27.431666,0.0,0.294167,0.140069,0.001528
276,9.2,2,235.991389,27.485871,0.0,0.294583,0.144444,0.001528
277,9.233333,2,235.979653,27.552436,0.0,0.294375,0.147292,0.002292
278,9.266667,2,235.977778,27.609226,0.0,0.294514,0.157708,0.002986
279,9.3,2,235.972153,27.602209,0.0,0.295278,0.415069,0.015833
280,9.333333,2,235.984861,27.579857,0.0,0.292431,0.929514,0.032431
281,9.366667,2,236.011597,27.49642,0.0,0.292847,1.264792,0.036111
282,9.4,2,236.024375,27.39959,0.0,0.294236,1.545556,0.040903
283,9.433333,2,236.043958,27.18405,0.0,0.294097,1.768472,0.045208
284,9.466667,2,236.075208,26.924735,0.0,0.291389,1.910972,0.046806
285,9.5,2,236.272431,26.185654,0.0,0.292292,2.159306,0.057639
286,9.533333,2,236.5375,25.440445,0.0,0.290556,2.333819,0.061597
287,9.566667,2,236.765694,24.824324,0.0,0.280417,2.354861,0.062639
288,9.6,2,236.967431,24.629143,0.0,0.280486,2.316181,0.059028
289,9.633333,2,237.142014,24.360722,0.0,0.275278,2.376528,0.059931
290,9.666667,2,237.294514,24.335539,0.0,0.272986,2.33,0.056597
291,9.7,2,237.392569,24.313311,0.0,0.273194,2.377222,0.054653
292,9.733333,2,237.460694,23.974451,0.0,0.264931,2.330347,0.052778
293,9.766667,2,237.402847,23.669991,0.0,0.256875,2.143819,0.047708
294,9.8,2,237.333819,23.485389,0.0,0.251389,2.024861,0.045347
295,9.833333,2,237.392847,22.556261,0.0,0.244306,2.048611,0.04625
296,9.866667,2,237.457639,20.545441,0.0,0.230486,2.138819,0.0475
297,9.9,2,237.653125,18.716623,0.0,0.219375,1.768958,0.043681
298,9.933333,2,237.469236,16.618795,0.0,0.026458,1.880556,0.040833
299,9.966667,2,237.205764,14.61543,0.0,0.002847,1.720833,0.036875
300,10.0,3,236.975208,13.012019,0.0,6.9e-05,1.444722,0.031528
301,10.033333,3,236.85375,11.616864,0.0,0.0,1.183403,0.029792
302,10.066667,3,236.641736,10.458259,0.0,0.0,1.068542,0.026458
303,10.1,3,236.470694,9.48364,0.0,0.0,0.947153,0.026458
304,10.133333,3,236.2075,8.850683,0.0,0.0,0.840417,0.021875
305,10.166667,3,236.15625,8.435278,0.0,0.0,0.646389,0.018264
306,10.2,3,236.205972,8.223692,0.0,0.0,0.629306,0.018611
307,10.233333,3,236.321806,8.189478,0.0,0.0,0.662917,0.019236
308,10.266667,3,236.516597,8.268548,0.0,0.0,0.711181,0.0175
309,10.3,3,236.671667,8.489322,0.0,0.0,0.685208,0.018542
310,10.333333,3,236.863264,8.874205,0.0,6.9e-05,0.742014,0.022639
311,10.366667,3,237.080833,9.220696,0.0,0.002431,0.763403,0.022083
312,10.4,3,237.361667,9.7064,0.0,0.049097,0.904306,0.024653
313,10.433333,3,237.410417,10.032421,0.0,0.126111,0.671389,0.024236
314,10.466667,3,237.429514,10.533579,0.0,0.132361,0.787708,0.025208
315,10.5,3,237.381111,10.585625,0.0,0.133889,0.744653,0.023542
316,10.533333,3,237.279583,10.881299,0.0,0.137847,0.664167,0.025069
317,10.566667,3,237.202014,11.083745,0.0,0.135694,0.614792,0.023056
318,10.6,3,237.030764,11.285639,0.0,0.135139,0.644861,0.026319
319,10.633333,3,236.870625,11.811647,0.0,0.135208,0.437778,0.018889
320,10.666667,3,236.683264,12.567132,0.0,0.136528,0.334306,0.012778
321,10.7,3,236.471806,13.500799,0.0,0.136597,0.279236,0.011944
322,10.733333,3,236.286528,14.601788,0.0,0.137778,0.315,0.012153
323,10.766667,3,236.139514,15.466219,0.0,0.137222,0.279514,0.010278
324,10.8,3,236.184861,15.463061,0.0,0.138125,0.196042,0.0025
325,10.833333,3,236.198611,15.492561,0.0,0.137431,0.235278,0.003958
326,10.866667,3,236.265139,15.505603,0.0,0.138889,0.303611,0.005625
327,10.9,3,236.308958,15.553064,0.0,0.138333,0.360903,0.006944
328,10.933333,3,236.376667,15.614859,0.0,0.139375,0.424653,0.010694
329,10.966667,3,236.435139,15.70776,0.0,0.138264,0.516111,0.011111
330,11.0,3,236.535417,15.826494,0.0,0.139236,0.635,0.017569
331,11.033333,3,236.662778,15.919682,0.0,0.143542,0.690417,0.016944
332,11.066667,3,236.767222,16.126048,0.0,0.167778,0.847083,0.024722
333,11.1,3,236.829653,16.281045,0.0,0.189792,0.848958,0.021875
334,11.133333,3,236.927222,16.458525,0.0,0.192708,0.989097,0.031319
335,11.166667,3,237.000347,16.569213,0.0,0.194722,0.943958,0.028264
336,11.2,3,237.111875,16.812051,0.0,0.193611,1.098333,0.036806
337,11.233333,3,237.249722,16.847498,0.0,0.197847,1.077431,0.030556
338,11.266667,3,237.369514,17.065968,0.0,0.222153,1.156458,0.037361
339,11.3,3,237.438125,17.230752,0.0,0.255764,1.023611,0.034792
340,11.333333,3,237.541111,17.48842,0.0,0.252986,1.041458,0.035417
341,11.366667,3,237.618611,17.538397,0.0,0.255139,0.966528,0.035
342,11.4,3,237.694236,17.757969,0.0,0.254722,0.846319,0.026736
343,11.433333,3,237.790069,17.856792,0.0,0.270069,0.914583,0.031528
344,11.466667,3,237.844028,17.91717,0.0,0.307361,0.821042,0.026667
345,11.5,3,237.830278,18.110393,0.0,0.305764,0.755417,0.028681
346,11.533333,3,237.878056,18.137499,0.0,0.312778,0.630972,0.020208
347,11.566667,3,237.86375,18.215894,0.0,0.311667,0.491528,0.017708
348,11.6,3,237.880486,18.228567,0.0,0.312222,0.476597,0.014097
349,11.633333,3,237.896042,18.198385,0.0,0.313611,0.419861,0.011458
350,11.666667,3,237.893125,18.183323,0.0,0.314167,0.312778,0.009931
351,11.7,3,237.903056,18.166381,0.0,0.314792,0.224375,0.006597
352,11.733333,3,237.877431,18.184148,0.0,0.312639,0.116597,0.002153
353,11.766667,3,237.902014,18.142715,0.0,0.313681,0.051389,6.9e-05
354,11.8,3,237.892431,18.153995,0.0,0.314097,0.041528,6.9e-05
355,11.833333,3,237.898194,18.138152,0.0,0.314028,0.040069,0.0
356,11.866667,3,237.878819,18.16691,0.0,0.31375,0.043125,0.0
357,11.9,3,237.904306,18.128799,0.0,0.314306,0.047847,0.0
358,11.933333,3,237.896458,18.134897,0.0,0.314167,0.039931,0.0
359,11.966667,3,237.900208,18.123997,0.0,0.313542,0.035,0.0
360,12.0,3,237.876944,18.15578,0.0,0.313056,0.041736,0.0
361,12.033333,3,237.903611,18.120446,0.0,0.313333,0.043194,0.0
362,12.066667,3,237.896597,18.132531,0.0,0.313681,0.030486,0.0
363,12.1,3,237.904167,18.120089,0.0,0.313264,0.027431,0.0
364,12.133333,3,237.880417,18.155176,0.0,0.312917,0.0375,0.0
365,12.166667,3,237.903264,18.124757,0.0,0.313194,0.035208,0.0
366,12.2,3,237.896597,18.133611,0.0,0.312847,0.025972,0.0
367,12.233333,3,237.904167,18.121308,0.0,0.312778,0.025069,0.0
368,12.266667,3,237.880069,18.16074,0.0,0.312569,0.034514,0.0
369,12.3,3,237.902083,18.128963,0.0,0.312708,0.032292,0.0
370,12.333333,3,237.898194,18.140583,0.0,0.312639,0.023194,0.0
371,12.366667,3,237.904444,18.130987,0.0,0.312708,0.022361,0.0
372,12.4,3,237.880764,18.170895,0.0,0.3125,0.031319,0.0
373,12.433333,3,237.883681,18.162783,0.0,0.312361,0.0175,0.0
374,12.466667,3,237.901181,18.131733,0.0,0.312431,0.025417,0.0
375,12.5,3,237.889028,18.159189,0.0,0.312431,0.023403,0.0
376,12.533333,3,237.866806,18.181249,0.0,0.312083,0.044028,0.0
377,12.566667,3,237.88625,18.148124,0.0,0.312222,0.026111,0.0
378,12.6,3,237.881042,18.157263,0.0,0.312222,0.013958,0.0
379,12.633333,3,237.884028,18.152564,0.0,0.312222,0.012847,0.0
380,12.666667,3,237.869028,18.180925,0.0,0.312153,0.019722,0.0
381,12.7,3,237.886111,18.150255,0.0,0.312083,0.021806,0.0
382,12.733333,3,237.880972,18.159471,0.0,0.312153,0.013472,0.0
383,12.766667,3,237.884792,18.148553,0.0,0.312083,0.014514,0.0
384,12.8,3,237.868125,18.180829,0.0,0.312153,0.020278,0.0
385,12.833333,3,237.868264,18.180398,0.0,0.312153,0.011528,0.0
386,12.866667,3,237.867569,18.18021,0.0,0.312153,0.010556,0.0
387,12.9,3,237.868403,18.17745,0.0,0.312153,0.011389,0.0
388,12.933333,3,237.868681,18.178484,0.0,0.312083,0.011389,0.0
389,12.966667,3,237.868889,18.176737,0.0,0.312014,0.010903,0.0
390,13.0,3,237.868056,18.175933,0.0,0.312014,0.010972,0.0
391,13.033333,3,237.867986,18.176859,0.0,0.312014,0.011736,0.0
392,13.066667,3,237.868611,18.17484,0.0,0.312014,0.009931,0.0
393,13.1,3,237.869444,18.174197,0.0,0.312083,0.009722,0.0
394,13.133333,3,237.868056,18.174427,0.0,0.312083,0.01,0.0
395,13.166667,3,237.870278,18.172174,0.0,0.312153,0.010417,0.0
396,13.2,3,237.886181,18.143246,0.0,0.312292,0.018264,0.0
397,13.233333,3,237.882569,18.148287,0.0,0.312153,0.006806,0.0
398,13.266667,3,237.886944,18.139999,0.0,0.312222,0.008542,0.0
399,13.3,3,237.872292,18.166143,0.0,0.312153,0.016042,0.0
400,13.333333,3,237.886667,18.137724,0.0,0.312153,0.017431,0.0
401,13.366667,3,237.884653,18.14184,0.0,0.312083,0.006875,0.0
402,13.4,3,237.886875,18.138676,0.0,0.312222,0.009444,0.0
403,13.433333,3,237.876736,18.158225,0.0,0.312153,0.011389,0.0
404,13.466667,3,237.889028,18.13554,0.0,0.312222,0.015903,0.0
405,13.5,3,237.885903,18.141499,0.0,0.312222,0.008125,0.0
406,13.533333,3,237.886944,18.136822,0.0,0.312222,0.007431,0.0
407,13.566667,3,237.876319,18.155529,0.0,0.312153,0.012431,0.0
408,13.6,3,237.889444,18.133088,0.0,0.312222,0.017708,0.0
409,13.633333,3,237.885208,18.139696,0.0,0.312153,0.006875,0.0
410,13.666667,3,237.888333,18.134705,0.0,0.312292,0.007569,0.0
411,13.7,3,237.877917,18.155603,0.0,0.312292,0.012917,0.0
412,13.733333,3,237.891319,18.129019,0.0,0.312431,0.016597,0.0
413,13.766667,3,237.887014,18.134101,0.0,0.312431,0.009167,0.0
414,13.8,3,237.888264,18.132141,0.0,0.3125,0.009722,0.0
415,13.833333,3,237.876944,18.150398,0.0,0.3125,0.013958,0.0
416,13.866667,3,237.891458,18.125012,0.0,0.312639,0.017986,0.0
417,13.9,3,237.887083,18.132852,0.0,0.312569,0.009931,0.0
418,13.933333,3,237.889028,18.129466,0.0,0.3125,0.01125,0.0
419,13.966667,3,237.876667,18.152573,0.0,0.312361,0.015972,0.0
420,14.0,3,237.894722,18.12024,0.0,0.313472,0.022083,0.0
421,14.033333,3,237.891944,18.126549,0.0,0.313681,0.012917,0.0
422,14.066667,3,237.892639,18.122622,0.0,0.313194,0.012083,0.0
423,14.1,3,237.878958,18.150222,0.0,0.313403,0.018264,0.0
424,14.133333,3,237.896528,18.117828,0.0,0.313333,0.023125,0.0
425,14.166667,3,237.892639,18.125891,0.0,0.313056,0.011944,0.0
426,14.2,3,237.896736,18.115006,0.0,0.313264,0.013819,0.0
427,14.233333,3,237.879028,18.148571,0.0,0.312986,0.022569,0.0
428,14.266667,3,237.900069,18.111386,0.0,0.313264,0.026597,0.0
429,14.3,3,237.895833,18.120783,0.0,0.313472,0.018958,0.0
430,14.333333,3,237.901458,18.107582,0.0,0.313333,0.016319,0.0
431,14.366667,3,237.881597,18.142922,0.0,0.312639,0.026389,0.0
432,14.4,3,237.903264,18.109321,0.0,0.31375,0.029028,0.0
433,14.433333,3,237.898056,18.121416,0.0,0.314375,0.019236,0.0
434,14.466667,3,237.902569,18.109808,0.0,0.31375,0.021597,0.0
435,14.5,3,237.879444,18.146726,0.0,0.312361,0.030486,0.0
436,14.533333,3,237.900417,18.112402,0.0,0.312847,0.030972,0.0
437,14.566667,3,237.896042,18.125809,0.0,0.31375,0.024375,0.0
438,14.6,3,237.900556,18.117785,0.0,0.314097,0.022153,0.0
439,14.633333,3,237.881042,18.148139,0.0,0.313472,0.027292,0.0
440,14.666667,3,237.903472,18.113998,0.0,0.315417,0.034792,0.0
441,14.7,3,237.896806,18.124313,0.0,0.314167,0.028472,0.0
442,14.733333,3,237.902361,18.118673,0.0,0.313889,0.02375,0.0
443,14.766667,3,237.880069,18.154992,0.0,0.313125,0.031597,0.0
444,14.8,3,237.906458,18.119145,0.0,0.316319,0.042222,0.0
445,14.833333,3,237.899653,18.136362,0.0,0.31625,0.030139,0.0
446,14.866667,3,237.906875,18.124477,0.0,0.316319,0.028056,0.0
447,14.9,3,237.880556,18.15961,0.0,0.313819,0.040069,0.0
448,14.933333,3,237.907083,18.125748,0.0,0.316389,0.043611,0.0
449,14.966667,3,237.8975,18.143833,0.0,0.315347,0.035833,0.0
450,15.0,3,237.902708,18.132078,0.0,0.314514,0.037431,0.0
451,15.033333,3,237.872778,18.171966,0.0,0.312847,0.046042,0.0
452,15.066667,3,237.902361,18.138649,0.0,0.313958,0.05,0.0
453,15.1,3,237.893194,18.156403,0.0,0.314306,0.041111,0.0
454,15.133333,3,237.904444,18.141582,0.0,0.314167,0.040833,0.0
455,15.166667,3,237.874028,18.183626,0.0,0.312014,0.051111,0.0
456,15.2,3,237.901111,18.14859,0.0,0.313403,0.055833,0.0
457,15.233333,3,237.891458,18.168103,0.0,0.313611,0.046042,0.0
458,15.266667,3,237.903472,18.157918,0.0,0.313681,0.049792,0.0
459,15.3,3,237.876597,18.203746,0.0,0.313125,0.059097,0.0
460,15.333333,3,237.906389,18.178555,0.0,0.315,0.063819,0.0
461,15.366667,3,238.090069,17.258267,0.0,0.313125,0.241736,0.011319
462,15.4,3,238.360278,16.156941,0.0,0.314722,0.312708,0.014028
463,15.433333,3,238.585,15.354863,0.0,0.315694,0.309861,0.01375
464,15.466667,3,238.806736,14.823384,0.0,0.318264,0.262569,0.011875
465,15.5,3,238.986667,14.529538,0.0,0.320486,0.250208,0.011528
466,15.533333,3,239.145278,14.377394,0.0,0.320139,0.20375,0.008681
467,15.566667,3,239.231944,14.3873,0.0,0.320208,0.175694,0.004306
468,15.6,3,239.334861,14.36912,0.0,0.320278,0.14,0.000208
469,15.633333,3,239.332569,14.406264,0.0,0.320833,0.080903,0.0
470,15.666667,3,239.341806,14.41126,0.0,0.321111,0.069375,0.0
471,15.7,3,239.322778,14.507335,0.0,0.320486,0.915139,0.030139
472,15.733333,3,239.313333,14.428772,0.0,0.315278,2.310694,0.089931
473,15.766667,3,239.249861,14.431988,0.0,0.313889,3.516389,0.117292
474,15.8,3,239.180139,14.407089,0.0,0.314514,4.480417,0.13375
475,15.833333,3,239.104653,14.278138,0.0,0.314375,5.261597,0.150694
476,15.866667,3,239.011042,14.378382,0.0,0.307986,5.842083,0.161875
477,15.9,3,238.900625,14.373197,0.0,0.306319,6.296528,0.177917
478,15.933333,3,238.849306,14.428418,0.0,0.30875,6.575208,0.183819
479,15.966667,3,238.834306,14.207893,0.0,0.299514,6.84875,0.188681
480,16.0,4,238.651111,13.739403,0.0,0.299444,6.899028,0.189861
481,16.033333,4,238.664306,13.461497,0.0,0.282014,6.646806,0.2
482,16.066667,4,238.385694,13.006318,0.0,0.069236,6.453611,0.190694
483,16.1,4,238.118681,12.784714,0.0,0.007778,6.076736,0.192014
484,16.133333,4,237.827222,12.772154,0.0,0.002083,5.602708,0.186736
485,16.166667,4,237.587847,13.222059,0.0,0.0,4.864375,0.163264
486,16.2,4,237.745556,13.952976,0.0,0.000278,4.438958,0.149306
487,16.233333,4,237.820694,15.144212,0.0,0.002431,3.757917,0.125069
488,16.266667,4,237.868472,16.392522,0.0,0.005139,3.292083,0.110556
489,16.3,4,238.214514,17.862076,0.0,0.048125,3.063958,0.090833
490,16.333333,4,238.449375,19.283411,0.0,0.298681,2.620694,0.067917
491,16.366667,4,238.342778,20.506093,0.0,0.302083,1.991319,0.054653
492,16.4,4,238.468125,22.214878,0.0,0.314167,1.963125,0.048264
493,16.433333,4,238.312361,23.753402,0.0,0.314792,1.457986,0.04375
494,16.466667,4,238.21,24.0774,0.0,0.316806,1.069028,0.030417
495,16.5,4,238.153194,24.005922,0.0,0.316111,0.73,0.016528
496,16.533333,4,238.065,24.124232,0.0,0.318333,0.39375,0.012917
497,16.566667,4,237.981597,24.191863,0.0,0.319444,0.157569,0.005278
498,16.6,4,237.865,24.317346,0.0,0.320139,0.186458,0.007222
499,16.633333,4,237.739583,24.519068,0.0,0.320417,0.195278,0.007569
500,16.666667,4,237.597222,24.807582,0.0,0.321111,0.217917,0.008194
501,16.7,4,237.445833,25.186686,0.0,0.322292,0.223333,0.008264
502,16.733333,4,237.22875,25.711336,0.0,0.321667,0.283056,0.010486
503,16.766667,4,236.980069,26.228625,0.0,0.319583,0.311597,0.009583
504,16.8,4,236.823056,26.351725,0.0,0.317431,0.242014,0.004375
505,16.833333,4,236.639583,26.497394,0.0,0.313333,0.264028,0.004583
506,16.866667,4,236.432847,26.685963,0.0,0.308611,0.303125,0.005417
507,16.9,4,236.200833,26.869457,0.0,0.303889,0.332014,0.00625
508,16.933333,4,236.020069,27.02286,0.0,0.299097,0.313542,0.005556
509,16.966667,4,235.866458,27.120508,0.0,0.294236,0.276944,0.005208
510,17.0,4,235.722847,27.215675,0.0,0.290139,0.277222,0.005
511,17.033333,4,235.530764,27.374898,0.0,0.286736,0.318889,0.004792
512,17.066667,4,235.423611,27.460198,0.0,0.284236,0.256736,0.003889
513,17.1,4,235.322153,27.555677,0.0,0.282361,0.242847,0.003542
514,17.133333,4,235.301597,27.565572,0.0,0.282847,0.195139,0.003125
515,17.166667,4,235.29,27.587365,0.0,0.283472,0.159236,0.002292
516,17.2,4,235.303333,27.587164,0.0,0.283819,0.160694,0.002847
517,17.233333,4,235.299097,27.623212,0.0,0.28375,0.147431,0.002292
518,17.266667,4,235.307014,27.637889,0.0,0.283264,0.144861,0.001597
519,17.3,4,235.296181,27.679046,0.0,0.283403,0.145694,0.001806
520,17.333333,4,235.314167,27.678379,0.0,0.283194,0.139514,0.001319
521,17.366667,4,235.307778,27.714046,0.0,0.283333,0.132917,0.001181
522,17.4,4,235.317917,27.721009,0.0,0.282986,0.133194,0.00125
523,17.433333,4,235.302014,27.766869,0.0,0.283056,0.127014,0.000972
524,17.466667,4,235.320625,27.754773,0.0,0.282986,0.126667,0.000833
525,17.5,4,235.311806,27.779344,0.0,0.282569,0.124097,0.001181
526,17.533333,4,235.322153,27.779679,0.0,0.282361,0.121181,0.000694
527,17.566667,4,235.307292,27.820073,0.0,0.282014,0.117361,0.000556
528,17.6,4,235.322569,27.818555,0.0,0.282292,0.115833,0.000347
529,17.633333,4,235.316389,27.84208,0.0,0.281736,0.110069,0.000139
530,17.666667,4,235.326806,27.838428,0.0,0.281042,0.119861,0.000208
531,17.7,4,235.312847,27.861041,0.0,0.2825,0.117431,0.000278
532,17.733333,4,235.328819,27.848953,0.0,0.283681,0.120972,0.000347
533,17.766667,4,235.324375,27.850887,0.0,0.283611,0.114444,0.000486
534,17.8,4,235.332639,27.842367,0.0,0.283681,0.113403,0.000486
535,17.833333,4,235.321042,27.863336,0.0,0.283542,0.112292,0.000278
536,17.866667,4,235.338264,27.859079,0.0,0.283472,0.113056,6.9e-05
537,17.9,4,235.330486,27.876489,0.0,0.283333,0.102639,0.0
538,17.933333,4,235.341111,27.876883,0.0,0.283194,0.098125,6.9e-05
539,17.966667,4,235.321875,27.916593,0.0,0.283194,0.095625,0.0
540,18.0,4,235.342222,27.904589,0.0,0.283125,0.093403,6.9e-05
541,18.033333,4,235.337778,27.92169,0.0,0.282986,0.08625,0.0
542,18.066667,4,235.347292,27.919741,0.0,0.283125,0.081736,0.0
543,18.1,4,235.331528,27.950779,0.0,0.283125,0.082292,6.9e-05
544,18.133333,4,235.346597,27.935754,0.0,0.282986,0.078125,6.9e-05
545,18.166667,4,235.342361,27.947461,0.0,0.282778,0.078958,0.0
546,18.2,4,235.346667,27.954195,0.0,0.282917,0.081944,0.0
547,18.233333,4,235.328472,27.992142,0.0,0.282986,0.079167,0.0
548,18.266667,4,235.346458,27.97839,0.0,0.283056,0.081181,0.0
549,18.3,4,235.339861,27.997719,0.0,0.283056,0.073403,0.0
550,18.333333,4,235.348056,28.000173,0.0,0.282847,0.073194,0.0
551,18.366667,4,235.330556,28.025768,0.0,0.282778,0.075694,0.0
552,18.4,4,235.347778,28.00868,0.0,0.282847,0.071528,0.0
553,18.433333,4,235.338403,28.026785,0.0,0.282847,0.064097,0.0
554,18.466667,4,235.348194,28.020412,0.0,0.282639,0.062014,0.0
555,18.5,4,235.331736,28.048584,0.0,0.282708,0.061736,0.0
556,18.533333,4,235.349028,28.028175,0.0,0.282847,0.063403,0.0
557,18.566667,4,235.342847,28.035952,0.0,0.282361,0.053958,0.0
558,18.6,4,235.349861,28.026358,0.0,0.282083,0.057847,0.0
559,18.633333,4,235.332569,28.057464,0.0,0.282431,0.062569,0.0
560,18.666667,4,235.346528,28.037325,0.0,0.283819,0.053681,0.0
561,18.7,4,235.343403,28.043747,0.0,0.284097,0.048958,0.0
562,18.733333,4,235.349931,28.036137,0.0,0.284167,0.048333,0.0
563,18.766667,4,235.331806,28.059219,0.0,0.284097,0.051875,0.0
564,18.8,4,235.34625,28.03362,0.0,0.284097,0.048889,0.0
565,18.833333,4,235.340069,28.037197,0.0,0.284167,0.048264,0.000139
566,18.866667,4,235.338889,28.03432,0.0,0.284236,0.050486,0.000556
567,18.9,4,235.316319,28.061285,0.0,0.284097,0.054792,0.000417
568,18.933333,4,235.328056,28.041691,0.0,0.283958,0.067708,0.000833
569,18.966667,4,235.321597,28.05144,0.0,0.28375,0.054236,0.000556
570,19.0,4,235.322639,28.047823,0.0,0.283472,0.061319,0.000903
571,19.033333,4,235.303611,28.068342,0.0,0.283333,0.069444,0.000972
572,19.066667,4,235.320347,28.041422,0.0,0.283264,0.062847,0.000833
573,19.1,4,235.311875,28.061389,0.0,0.283472,0.058472,0.001042
574,19.133333,4,235.319028,28.048443,0.0,0.283472,0.064236,0.000903
575,19.166667,4,235.305903,28.057455,0.0,0.283472,0.068125,0.001181
576,19.2,4,235.333333,27.996619,0.0,0.283403,0.068403,0.001042
577,19.233333,4,235.336944,27.96681,0.0,0.283611,0.058194,0.000903
578,19.266667,4,235.357569,27.911275,0.0,0.283611,0.071319,0.00125
579,19.3,4,235.355139,27.88079,0.0,0.283542,0.065486,0.001111
580,19.333333,4,235.387708,27.796136,0.0,0.28375,0.066319,0.001111
581,19.366667,4,235.389583,27.783894,0.0,0.283819,0.054236,0.000903
582,19.4,4,235.401667,27.771034,0.0,0.284028,0.050833,0.000972
583,19.433333,4,235.384375,27.779801,0.0,0.283611,0.042708,0.000486
584,19.466667,4,235.399792,27.749636,0.0,0.283681,0.030417,0.000278
585,19.5,4,235.396111,27.758948,0.0,0.283611,0.025208,0.000139
586,19.533333,4,235.40125,27.754218,0.0,0.28375,0.026111,0.000347
587,19.566667,4,235.381806,27.794537,0.0,0.283403,0.03375,0.000347
588,19.6,4,235.399028,27.772682,0.0,0.283542,0.02625,0.000139
589,19.633333,4,235.394653,27.773631,0.0,0.283472,0.018958,0.000139
590,19.666667,4,235.400139,27.754052,0.0,0.283472,0.020347,0.000208
591,19.7,4,235.385764,27.766857,0.0,0.283264,0.029653,0.000278
592,19.733333,4,235.403542,27.732377,0.0,0.283194,0.030556,0.000417
593,19.766667,4,235.403194,27.716538,0.0,0.283194,0.020208,0.000347
594,19.8,4,235.409514,27.680268,0.0,0.283194,0.020625,0.000486
595,19.833333,4,235.401736,27.660061,0.0,0.283125,0.029861,0.000556
596,19.866667,4,235.4175,27.622676,0.0,0.283264,0.034514,0.000556
597,19.9,4,235.418958,27.597267,0.0,0.283194,0.031875,0.001389
598,19.933333,4,235.424097,27.579097,0.0,0.283194,0.027778,0.000972
599,19.966667,4,235.406528,27.615058,0.0,0.282986,0.038819,0.00125
600,20.0,4,235.400903,27.65419,0.0,0.282986,0.022847,0.000764
601,20.033333,4,235.405208,27.684275,0.0,0.282986,0.026667,0.000347
602,20.066667,4,235.390625,27.745713,0.0,0.282917,0.026111,0.000625
603,20.1,4,235.392222,27.771197,0.0,0.282986,0.024236,0.000347
604,20.133333,4,235.384792,27.793226,0.0,0.282986,0.014931,0.000417
605,20.166667,4,235.375833,27.834314,0.0,0.282986,0.016875,0.000417
606,20.2,4,235.358194,27.900782,0.0,0.282917,0.021389,0.000417
607,20.233333,4,235.348681,27.978149,0.0,0.283056,0.022153,0.000556
608,20.266667,4,235.334028,28.062259,0.0,0.283125,0.015764,0.000486
609,20.3,4,235.333125,28.062932,0.0,0.283056,0.003264,0.0
610,20.333333,4,235.331319,28.066689,0.0,0.283125,0.002778,0.0
611,20.366667,4,235.490833,27.597764,0.0,0.283125,0.160903,0.008472
612,20.4,4,235.692083,27.111069,0.0,0.283125,0.202778,0.009514
613,20.433333,4,235.873681,26.776103,0.0,0.283125,0.181597,0.009167
614,20.466667,4,236.044444,26.55681,0.0,0.283125,0.172708,0.009167
615,20.5,4,236.181736,26.446919,0.0,0.283125,0.137431,0.007847
616,20.533333,4,236.302292,26.398384,0.0,0.283125,0.121111,0.006528
617,20.566667,4,236.388889,26.392255,0.0,0.283125,0.087014,0.002917
618,20.6,4,236.450556,26.402508,0.0,0.283125,0.062639,0.000208
619,20.633333,4,236.454583,26.415955,0.0,0.283472,0.803056,0.032639
620,20.666667,4,236.432708,26.3527,0.0,0.283125,1.807847,0.050486
621,20.7,4,236.383056,26.249253,0.0,0.280833,2.213403,0.057083
622,20.733333,4,236.193681,26.090916,0.0,0.279583,2.575903,0.060903
623,20.766667,4,235.872222,25.945114,0.0,0.272847,2.861042,0.063472
624,20.8,4,235.464931,25.840279,0.0,0.27,3.079375,0.069583
625,20.833333,4,234.976875,25.696113,0.0,0.267917,3.212083,0.071944
626,20.866667,4,234.265694,25.693173,0.0,0.262639,3.354653,0.076389
627,20.9,4,233.644583,24.635308,0.0,0.252986,3.578889,0.091458
628,20.933333,4,232.727431,23.184383,0.0,0.233889,3.776042,0.089792
629,20.966667,4,231.291597,22.345492,0.0,0.149861,3.883472,0.101111
630,21.0,5,229.817361,22.1029,0.0,0.007083,3.713403,0.130417
631,21.033333,5,228.151042,23.339619,0.0,0.0,3.734514,0.165556
632,21.066667,5,226.441944,25.141449,0.0,0.0,3.935069,0.172639
633,21.1,5,224.802986,27.923907,0.0,0.0,3.968125,0.179653
634,21.133333,5,222.990625,31.091576,0.0,0.0,4.099444,0.179028
635,21.166667,5,221.230556,34.905446,0.0,0.0,4.229653,0.17625
636,21.2,5,219.323264,38.826983,0.0,0.0,4.444514,0.171319
637,21.233333,5,217.399653,43.022777,0.0,0.0,4.583056,0.166667
638,21.266667,5,215.449931,47.640398,0.0,0.0,4.744306,0.155694
639,21.3,5,213.421181,52.011536,0.0,0.0,5.075556,0.159167
640,21.333333,5,211.382153,56.616532,0.0,0.0,5.334167,0.162986
641,21.366667,5,209.301667,61.368104,0.0,0.0,5.497292,0.1625
642,21.4,5,207.296458,65.550695,0.0,0.0,5.647847,0.162986
643,21.433333,5,205.662708,68.962769,0.0,0.0,5.382083,0.159722
644,21.466667,5,204.694306,70.622615,0.0,0.0,4.931875,0.069444
645,21.5,5,204.414028,70.767934,0.0,0.0,4.181528,0.073194
646,21.533333,5,204.110069,70.905852,0.0,0.0,3.796736,0.074097
647,21.566667,5,203.796181,71.036672,0.0,0.0,3.363611,0.071944
648,21.6,5,203.479028,71.233465,0.0,0.0,2.896597,0.07
649,21.633333,5,203.14125,71.424448,0.0,0.0,2.301528,0.065764
650,21.666667,5,202.808403,71.670208,0.0,0.0,1.557986,0.057639
651,21.7,5,202.482986,71.950513,0.0,0.0,0.753611,0.034028
652,21.733333,5,202.264792,72.184646,0.0,0.0,0.268472,0.012292
653,21.766667,5,202.271458,72.18677,0.0,0.0,0.202917,0.003958
654,21.8,5,202.25375,72.199117,0.0,0.0,0.298681,0.007639
655,21.833333,5,202.244097,72.214682,0.0,0.0,0.406597,0.010694
656,21.866667,5,202.181806,72.19719,0.0,0.0,0.496458,0.01375
657,21.9,5,202.182847,72.198409,0.0,0.0,0.594236,0.017986
658,21.933333,5,202.150556,72.196763,0.0,0.0,0.652014,0.019792
659,21.966667,5,202.148542,72.222345,0.0,0.0,0.772847,0.024167
660,22.0,5,202.128194,72.259596,0.0,0.0,0.845764,0.026458
661,22.033333,5,202.175625,72.285095,0.0,0.0,0.978125,0.030417
662,22.066667,5,202.234583,72.366428,0.0,0.0,1.033542,0.034653
663,22.1,5,202.311736,72.464473,0.0,0.0,1.071042,0.038264
664,22.133333,5,202.407153,72.52687,0.0,0.0,1.18625,0.042708
665,22.166667,5,202.554097,72.517451,0.0,0.0,1.276667,0.044583
666,22.2,5,202.690556,72.614355,0.0,0.0,1.369097,0.048056
667,22.233333,5,202.880347,72.809777,0.0,0.0,1.445764,0.049792
668,22.266667,5,203.032083,73.013893,0.0,0.0,1.423403,0.049167
669,22.3,5,203.172153,73.118479,0.0,0.0,1.417292,0.049861
670,22.333333,5,203.345417,73.210192,0.0,0.005417,1.512708,0.053125
671,22.366667,5,203.532361,73.359852,0.0,0.061181,1.538472,0.049444
672,22.4,5,203.608889,73.436837,0.0,0.122986,1.338056,0.042222
673,22.433333,5,203.607708,73.49979,0.0,0.129028,1.291875,0.044028
674,22.466667,5,203.693889,73.567566,0.0,0.129444,1.232708,0.036806
675,22.5,5,203.675417,73.597291,0.0,0.130694,0.958611,0.031736
676,22.533333,5,203.723194,73.697675,0.0,0.131667,0.958472,0.028125
677,22.566667,5,203.695347,73.701302,0.0,0.133681,0.883264,0.028056
678,22.6,5,203.679792,73.694802,0.0,0.135764,0.704028,0.023333
679,22.633333,5,203.689653,73.678413,0.0,0.139028,0.528333,0.017986
680,22.666667,5,203.672014,73.696148,0.0,0.138819,0.308194,0.007153
681,22.7,5,203.686667,73.695609,0.0,0.139931,0.217292,0.004375
682,22.733333,5,203.680556,73.70487,0.0,0.138819,0.232222,0.005417
683,22.766667,5,203.681597,73.727601,0.0,0.139028,0.246181,0.005417
684,22.8,5,203.657708,73.768194,0.0,0.136389,0.258194,0.006111
685,22.833333,5,203.680347,73.791292,0.0,0.137014,0.282361,0.0075
686,22.866667,5,203.675625,73.821797,0.0,0.135625,0.280972,0.007292
687,22.9,5,203.676875,73.842764,0.0,0.133194,0.279722,0.006806
688,22.933333,5,203.653472,73.84092,0.0,0.131458,0.276042,0.006597
689,22.966667,5,203.674583,73.797675,0.0,0.131806,0.289167,0.007847
690,23.0,5,203.667153,73.748581,0.0,0.132222,0.290764,0.008125
691,23.033333,5,203.671528,73.700773,0.0,0.131875,0.286181,0.007569
692,23.066667,5,203.644444,73.680607,0.0,0.131597,0.290833,0.007917
693,23.1,5,203.663819,73.658888,0.0,0.132014,0.280625,0.006806
694,23.133333,5,203.649167,73.66762,0.0,0.131597,0.259514,0.006181
695,23.166667,5,203.650208,73.688893,0.0,0.131389,0.248125,0.005903
696,23.2,5,203.635903,73.716301,0.0,0.131042,0.240972,0.005486
697,23.233333,5,203.655486,73.738466,0.0,0.134653,0.220972,0.004444
698,23.266667,5,203.646181,73.771758,0.0,0.134722,0.18125,0.003542
699,23.3,5,203.654514,73.792318,0.0,0.134861,0.147639,0.000833
700,23.333333,5,203.63,73.816529,0.0,0.134583,0.120208,0.0
701,23.366667,5,203.644931,73.827102,0.0,0.134931,0.094097,0.0
702,23.4,5,203.644931,73.824526,0.0,0.134653,0.060556,0.0
703,23.433333,5,203.653611,73.820855,0.0,0.134792,0.046042,0.0
704,23.466667,5,203.632222,73.824145,0.0,0.134306,0.060833,0.0
705,23.5,5,203.655208,73.809229,0.0,0.134514,0.069792,0.0
706,23.533333,5,203.645486,73.808337,0.0,0.134444,0.068889,0.0
707,23.566667,5,203.656944,73.796608,0.0,0.134167,0.086597,0.0
708,23.6,5,203.632222,73.79553,0.0,0.133958,0.088194,0.0
709,23.633333,5,203.659375,73.766151,0.0,0.134236,0.099236,0.0
710,23.666667,5,203.653958,73.759369,0.0,0.134444,0.09375,0.0
711,23.7,5,203.658403,73.741217,0.0,0.134306,0.101389,0.0
712,23.733333,5,203.634236,73.738714,0.0,0.133889,0.108194,0.0
713,23.766667,5,203.659236,73.709183,0.0,0.133958,0.114028,6.9e-05
714,23.8,5,203.649097,73.703628,0.0,0.134236,0.107222,0.0
715,23.833333,5,203.657222,73.691658,0.0,0.134028,0.108264,0.0
716,23.866667,5,203.632361,73.701842,0.0,0.133819,0.110972,0.0
717,23.9,5,203.656042,73.681162,0.0,0.134236,0.109792,0.0
718,23.933333,5,203.648333,73.68134,0.0,0.134167,0.095208,0.0
719,23.966667,5,203.656528,73.672734,0.0,0.134097,0.091389,0.0
720,24.0,5,203.633611,73.679202,0.0,0.133681,0.094306,0.0
721,24.033333,5,203.660764,73.661398,0.0,0.134028,0.086042,0.0
722,24.066667,5,203.650347,73.664859,0.0,0.134097,0.07375,0.0
723,24.1,5,203.656181,73.662319,0.0,0.133889,0.064583,0.0
724,24.133333,5,203.634722,73.677355,0.0,0.133819,0.060347,0.0
725,24.166667,5,203.650764,73.674306,0.0,0.134028,0.047986,0.0
726,24.2,5,203.642778,73.680731,0.0,0.134167,0.031736,0.0
727,24.233333,5,203.647986,73.680496,0.0,0.133958,0.023542,0.0
728,24.266667,5,203.636667,73.680216,0.0,0.133889,0.026597,0.0
729,24.3,5,203.651111,73.681062,0.0,0.134306,0.028333,0.0
730,24.333333,5,203.644861,73.680857,0.0,0.134097,0.022639,0.0
731,24.366667,5,203.652639,73.682031,0.0,0.134722,0.022222,0.0
732,24.4,5,203.638194,73.682172,0.0,0.134792,0.028333,0.0
733,24.433333,5,203.653681,73.682589,0.0,0.134861,0.027292,0.0
734,24.466667,5,203.649167,73.683445,0.0,0.135208,0.021875,0.0
735,24.5,5,203.655069,73.684509,0.0,0.135347,0.019514,0.0
736,24.533333,5,203.638889,73.683946,0.0,0.135,0.024097,0.0
737,24.566667,5,203.652431,73.685029,0.0,0.135694,0.024792,0.0
738,24.6,5,203.65,73.686639,0.0,0.136181,0.019375,0.0
739,24.633333,5,203.654375,73.686545,0.0,0.136111,0.020347,0.0
740,24.666667,5,203.640417,73.687864,0.0,0.136181,0.022986,0.0
741,24.7,5,203.654792,73.688474,0.0,0.136597,0.025903,0.0
742,24.733333,5,203.650417,73.689468,0.0,0.137014,0.019514,0.0
743,24.766667,5,203.656667,73.690569,0.0,0.137014,0.019583,0.0
744,24.8,5,203.641528,73.690934,0.0,0.136806,0.021389,0.0
745,24.833333,5,203.655625,73.691805,0.0,0.137292,0.022986,0.0
746,24.866667,5,203.652847,73.692949,0.0,0.137847,0.015833,0.0
747,24.9,5,203.658403,73.694452,0.0,0.138125,0.019028,0.0
748,24.933333,5,203.644514,73.696067,0.0,0.137917,0.020556,0.0
749,24.966667,5,203.657431,73.696428,0.0,0.138472,0.020833,0.0
750,25.0,5,203.653958,73.697108,0.0,0.138333,0.015694,0.0
751,25.033333,5,203.656875,73.696962,0.0,0.138542,0.017639,0.0
752,25.066667,5,203.643264,73.697366,0.0,0.138403,0.021944,0.0
753,25.1,5,203.656181,73.697698,0.0,0.138611,0.022639,0.0
754,25.133333,5,203.653681,73.69926,0.0,0.138819,0.014722,0.0
755,25.166667,5,203.657361,73.699067,0.0,0.138958,0.016597,0.0
756,25.2,5,203.644583,73.699948,0.0,0.138681,0.019583,0.0
757,25.233333,5,203.658333,73.700276,0.0,0.138819,0.019444,0.0
758,25.266667,5,203.654931,73.700817,0.0,0.139514,0.013264,0.0
759,25.3,5,203.659653,73.701217,0.0,0.139236,0.013333,0.0
760,25.333333,5,203.645069,73.701432,0.0,0.139097,0.019722,0.0
761,25.366667,5,203.660417,73.702573,0.0,0.140278,0.018819,0.0
762,25.4,5,203.655486,73.702862,0.0,0.140556,0.011597,0.0
763,25.433333,5,203.657986,73.702573,0.0,0.140764,0.013194,0.0
764,25.466667,5,203.646389,73.703094,0.0,0.141111,0.016458,0.0
765,25.5,5,203.661319,73.704168,0.0,0.142153,0.017292,0.0
766,25.533333,5,203.657153,73.704097,0.0,0.142708,0.010556,0.0
767,25.566667,5,203.660347,73.70429,0.0,0.143264,0.009444,0.0
768,25.6,5,203.647361,73.70436,0.0,0.142986,0.014514,0.0
769,25.633333,5,203.659514,73.704559,0.0,0.143403,0.016319,0.0
770,25.666667,5,203.656181,73.704167,0.0,0.143403,0.009028,0.0
771,25.7,5,203.658333,73.704036,0.0,0.143333,0.010486,0.0
772,25.733333,5,203.644722,73.70384,0.0,0.143333,0.015694,0.0
773,25.766667,5,203.656944,73.703444,0.0,0.143333,0.016806,0.0
774,25.8,5,203.654236,73.703806,0.0,0.143333,0.009514,0.0
775,25.833333,5,203.656875,73.703967,0.0,0.143264,0.007083,0.0
776,25.866667,5,203.642083,73.703876,0.0,0.143264,0.015764,0.0
777,25.9,5,203.655486,73.702912,0.0,0.143264,0.018819,0.0
778,25.933333,5,203.653958,73.704288,0.0,0.143264,0.010278,0.0
779,25.966667,5,203.656319,73.703721,0.0,0.143264,0.011528,0.0
780,26.0,5,203.643194,73.703496,0.0,0.143194,0.017847,0.0
781,26.033333,5,203.656944,73.704339,0.0,0.143333,0.01875,0.0
782,26.066667,5,203.656736,73.704824,0.0,0.143333,0.010069,0.0
783,26.1,5,203.657639,73.703701,0.0,0.143056,0.009097,0.0
784,26.133333,5,203.645972,73.704173,0.0,0.143056,0.014028,0.0
785,26.166667,5,203.657014,73.704013,0.0,0.143611,0.014236,0.0
786,26.2,5,203.654583,73.70446,0.0,0.143889,0.008958,0.0
787,26.233333,5,203.6575,73.704565,0.0,0.143611,0.009028,0.0
788,26.266667,5,203.643889,73.703808,0.0,0.143264,0.014861,0.0
789,26.3,5,203.657986,73.704539,0.0,0.143819,0.016319,0.0
790,26.333333,5,203.653264,73.70337,0.0,0.143819,0.008056,0.0
791,26.366667,5,203.656319,73.703586,0.0,0.143472,0.009306,0.0
792,26.4,5,203.643056,73.704629,0.0,0.143194,0.016458,0.0
793,26.433333,5,203.659236,73.705562,0.0,0.144236,0.018264,0.0
794,26.466667,5,203.655486,73.706378,0.0,0.143611,0.012361,0.0
795,26.5,5,203.657361,73.706207,0.0,0.143611,0.008403,0.0
796,26.533333,5,203.645556,73.706182,0.0,0.142639,0.014028,0.0
797,26.566667,5,203.658403,73.706829,0.0,0.143194,0.016597,0.0
798,26.6,5,203.656319,73.707203,0.0,0.143889,0.010833,0.0
799,26.633333,5,203.659514,73.707126,0.0,0.143333,0.011667,0.0
800,26.666667,5,203.643194,73.705295,0.0,0.1425,0.017708,0.0
801,26.7,5,203.65875,73.706276,0.0,0.143125,0.022222,0.0
802,26.733333,5,203.653889,73.706283,0.0,0.143681,0.014167,0.0
803,26.766667,5,203.657153,73.705858,0.0,0.142708,0.011736,0.0
804,26.8,5,203.64125,73.704797,0.0,0.142153,0.018403,0.0
805,26.833333,5,203.657292,73.706594,0.0,0.143056,0.019653,0.0
806,26.866667,5,203.653958,73.706722,0.0,0.142986,0.013472,0.0
807,26.9,5,203.658542,73.706616,0.0,0.143611,0.012778,0.0
808,26.933333,5,203.642986,73.706481,0.0,0.142153,0.019444,0.0
809,26.966667,5,203.660417,73.707616,0.0,0.142083,0.023125,0.0
810,27.0,5,203.652847,73.706336,0.0,0.138472,0.020486,0.0
811,27.033333,5,203.659375,73.708746,0.0,0.138958,0.017778,0.0
812,27.066667,5,203.640764,73.707063,0.0,0.136944,0.025278,0.0
813,27.1,5,203.660764,73.710389,0.0,0.137639,0.027083,0.0
814,27.133333,5,203.650694,73.707985,0.0,0.137361,0.024375,0.0
815,27.166667,5,203.654444,73.707518,0.0,0.138333,0.02125,0.0
816,27.2,5,203.637083,73.70565,0.0,0.137014,0.024167,0.0
817,27.233333,5,203.657292,73.708795,0.0,0.138819,0.026597,0.0
818,27.266667,5,203.651875,73.709033,0.0,0.137292,0.021806,0.0
819,27.3,5,203.974306,73.390364,0.0,0.138889,0.338403,0.016389
820,27.333333,5,204.382639,73.066255,0.0,0.137083,0.449028,0.018611
821,27.366667,5,204.78875,72.878726,0.0,0.138403,0.418472,0.018819
822,27.4,5,205.140764,72.785834,0.0,0.137083,0.390069,0.018194
823,27.433333,5,205.449306,72.772675,0.0,0.137569,0.323681,0.016319
824,27.466667,5,205.687639,72.799014,0.0,0.136806,0.285556,0.014236
825,27.5,5,205.894861,72.850591,0.0,0.138542,0.219861,0.009167
826,27.533333,5,206.006042,72.893211,0.0,0.136944,0.150486,0.001042
827,27.566667,5,206.081597,72.742563,0.0,0.138125,1.061944,0.039097
828,27.6,5,206.123194,72.890752,0.0,0.136736,2.867014,0.057292
829,27.633333,5,206.21375,72.876926,0.0,0.135833,4.628889,0.081389
830,27.666667,5,206.323472,72.771748,0.0,0.137986,6.477917,0.116667
831,27.7,5,206.427222,72.538135,0.0,0.138958,7.770694,0.124236
832,27.733333,5,207.269583,70.640513,0.0,0.135972,9.305833,0.1475
833,27.766667,5,208.831389,67.164982,0.0,0.135486,10.301667,0.232569
834,27.8,5,210.858403,62.743676,0.0,0.127083,10.668819,0.238542
835,27.833333,5,212.882222,57.586294,0.0,0.13,10.552569,0.241806
836,27.866667,5,215.0575,52.567123,0.0,0.126111,9.868056,0.239792
837,27.9,5,217.017431,47.669745,0.0,0.017569,9.312986,0.243542
838,27.933333,5,219.426736,42.168436,0.0,0.000208,7.879861,0.233958
839,27.966667,5,222.003056,36.890092,0.0,0.0,6.679097,0.217222
840,28.0,6,224.337569,31.586889,0.0,0.0,6.123958,0.206111
841,28.033333,6,226.392153,26.914554,0.0,0.0,5.412222,0.192014
842,28.066667,6,228.197639,22.669322,0.0,0.0,4.884236,0.179514
843,28.1,6,229.841042,18.96974,0.0,0.0,4.325069,0.168611
844,28.133333,6,231.322431,15.773135,0.0,0.0,3.941389,0.160069
845,28.166667,6,232.647778,13.522372,0.0,0.0,3.458681,0.150417
846,28.2,6,233.756528,12.209412,0.0,0.0,3.184722,0.124028
847,28.233333,6,234.65625,11.703224,0.0,0.0,2.905972,0.095278
848,28.266667,6,235.390139,11.840415,0.0,0.0,2.731667,0.083194
849,28.3,6,235.974583,12.638694,0.0,0.0,2.62,0.075069
850,28.333333,6,236.503056,13.679501,0.0,0.0,2.650833,0.072708
851,28.366667,6,236.866181,14.952065,0.0,0.000486,2.587014,0.069097
852,28.4,6,237.179722,16.289296,0.0,0.001458,2.583264,0.065417
853,28.433333,6,237.461528,17.819451,0.0,0.005764,2.720833,0.071042
854,28.466667,6,237.721597,19.163784,0.0,0.03,2.775347,0.073681
855,28.5,6,237.888125,20.631514,0.0,0.165972,2.692639,0.074306
856,28.533333,6,237.763333,22.347417,0.0,0.263889,2.456181,0.067431
857,28.566667,6,237.60125,23.526,0.0,0.258194,2.291944,0.066458
858,28.6,6,237.527917,25.424232,0.0,0.278958,2.219028,0.063542
859,28.633333,6,237.236597,26.235561,0.0,0.276736,1.615625,0.059167
860,28.666667,6,237.052847,26.856862,0.0,0.282847,1.104722,0.035556
861,28.7,6,236.901875,27.112833,0.0,0.282083,0.467917,0.01875
862,28.733333,6,236.748819,27.33748,0.0,0.278125,0.169306,0.008125
863,28.766667,6,236.608194,27.641936,0.0,0.280556,0.194236,0.00875
864,28.8,6,236.438403,28.062902,0.0,0.281319,0.183125,0.008958
865,28.833333,6,236.337778,28.370328,0.0,0.280903,0.127292,0.005833
866,28.866667,6,236.323681,28.375229,0.0,0.277222,0.024931,0.0
867,28.9,6,236.336667,28.364218,0.0,0.278542,0.027431,0.0
868,28.933333,6,236.333472,28.363588,0.0,0.278194,0.01625,0.0
869,28.966667,6,236.333472,28.362158,0.0,0.279236,0.014861,0.0
870,29.0,6,236.320417,28.376038,0.0,0.278542,0.024444,0.000347
871,29.033333,6,236.310347,28.374588,0.0,0.278542,0.025903,0.000972
872,29.066667,6,236.30125,28.374976,0.0,0.278264,0.035903,0.000833
873,29.1,6,236.303403,28.369924,0.0,0.278889,0.042431,0.001181
874,29.133333,6,236.293472,28.385564,0.0,0.279236,0.051458,0.001181
875,29.166667,6,236.288681,28.385879,0.0,0.279306,0.043542,0.001389
876,29.2,6,236.284583,28.384806,0.0,0.279167,0.040208,0.001111
877,29.233333,6,236.283403,28.388122,0.0,0.279028,0.029097,0.000625
878,29.266667,6,236.288056,28.383332,0.0,0.279167,0.027153,0.001042
879,29.3,6,236.285764,28.384007,0.0,0.278819,0.005764,0.0
880,29.333333,6,236.288681,28.381754,0.0,0.279028,0.007222,6.9e-05
881,29.366667,6,236.289653,28.381893,0.0,0.278819,0.007222,0.000139
882,29.4,6,236.292986,28.378575,0.0,0.278819,0.006111,0.000208
883,29.433333,6,236.29375,28.377822,0.0,0.278819,0.002292,0.0
884,29.466667,6,236.292778,28.378471,0.0,0.278819,0.002361,0.0
885,29.5,6,236.289653,28.381876,0.0,0.278819,0.006042,0.000208
886,29.533333,6,236.288542,28.382815,0.0,0.278889,0.010556,0.000139
887,29.566667,6,236.534583,26.744764,0.0,0.269514,0.328958,0.014028
888,29.6,6,236.588194,24.031967,0.0,0.267569,0.896528,0.016667
889,29.633333,6,236.359444,21.778145,0.0,0.02625,1.000417,0.014722
890,29.666667,6,235.911736,19.980402,0.0,0.004861,1.056597,0.014236
891,29.7,6,235.578819,19.002687,0.0,0.000972,0.678611,0.010208
892,29.733333,6,235.443194,18.677719,0.0,0.000278,0.292431,0.001667
893,29.766667,6,235.494792,19.101577,0.0,0.000833,0.270903,0.002083
894,29.8,6,235.769236,20.209761,0.0,0.004653,0.691667,0.011667
895,29.833333,6,236.1875,22.092755,0.0,0.027361,1.081597,0.016181
896,29.866667,6,236.37125,24.414797,0.0,0.268403,1.014583,0.017639
897,29.9,6,236.312986,27.098694,0.0,0.269861,0.882708,0.017986
898,29.933333,6,236.011944,28.795088,0.0,0.279444,0.367986,0.014583
899,29.966667,6,236.012292,28.794083,0.0,0.278819,0.004653,0.0
900,30.0,6,236.011319,28.793987,0.0,0.27875,0.001806,0.0
901,30.033333,6,236.011528,28.793981,0.0,0.27875,0.000486,0.0
902,30.066667,6,236.010208,28.793705,0.0,0.278542,0.001875,0.0
903,30.1,6,236.010764,28.793886,0.0,0.278542,0.00125,0.0
904,30.133333,6,236.01,28.793871,0.0,0.278542,0.001458,0.0
905,30.166667,6,236.008472,28.794214,0.0,0.278264,0.00375,0.0
906,30.2,6,236.004097,28.794549,0.0,0.278125,0.007153,0.000347
907,30.233333,6,235.997361,28.796245,0.0,0.278056,0.010208,0.000486
908,30.266667,6,235.989514,28.796491,0.0,0.277847,0.016181,0.000764
909,30.3,6,235.984375,28.800679,0.0,0.277639,0.019722,0.000694
910,30.333333,6,235.982292,28.80048,0.0,0.277778,0.023889,0.000694
911,30.366667,6,235.980208,28.799712,0.0,0.277569,0.028194,0.000833
912,30.4,6,235.978681,28.80617,0.0,0.277639,0.03375,0.000903
913,30.433333,6,235.980833,28.80424,0.0,0.277569,0.031597,0.000903
914,30.466667,6,235.986944,28.789593,0.0,0.277847,0.03625,0.00125
915,30.5,6,235.999444,28.745079,0.0,0.277708,0.033611,0.000903
916,30.533333,6,236.015764,28.690036,0.0,0.278056,0.035764,0.000903
917,30.566667,6,236.035486,28.612442,0.0,0.278194,0.041806,0.001181
918,30.6,6,236.048681,28.585924,0.0,0.278125,0.043611,0.001111
919,30.633333,6,236.058194,28.520611,0.0,0.278264,0.039514,0.000833
920,30.666667,6,236.065278,28.509013,0.0,0.278333,0.033056,0.000833
921,30.7,6,236.068889,28.482053,0.0,0.278403,0.020139,0.000694
922,30.733333,6,236.068889,28.475072,0.0,0.278403,0.00875,0.000347
923,30.766667,6,236.06875,28.476577,0.0,0.278403,0.003194,6.9e-05
924,30.8,6,236.067083,28.486646,0.0,0.278403,0.005972,0.000278
925,30.833333,6,236.064792,28.501214,0.0,0.278403,0.006736,0.000208
926,30.866667,6,236.062292,28.515925,0.0,0.278472,0.006667,0.000278
927,30.9,6,236.063542,28.515494,0.0,0.278472,0.005972,0.000139
928,30.933333,6,236.064861,28.507569,0.0,0.278472,0.004236,6.9e-05
929,30.966667,6,236.403958,26.618995,0.0,0.269444,0.390069,0.014583
930,31.0,6,236.500208,23.760638,0.0,0.267222,0.920556,0.018264
931,31.033333,6,236.294722,21.242805,0.0,0.028333,1.107569,0.017639
932,31.066667,6,235.845208,19.308878,0.0,0.004514,1.122986,0.014514
933,31.1,6,235.627361,18.17339,0.0,0.001181,0.650903,0.011736
934,31.133333,6,235.563333,17.721061,0.0,0.000139,0.284583,0.001806
935,31.166667,6,235.690694,17.826779,0.0,0.000764,0.2475,0.001458
936,31.2,6,236.014375,18.530306,0.0,0.004514,0.603542,0.001736
937,31.233333,6,236.501597,19.904853,0.0,0.027847,0.989444,0.011875
938,31.266667,6,236.841111,21.508849,0.0,0.268056,0.946042,0.013681
939,31.3,6,236.953472,23.251692,0.0,0.269931,0.793472,0.016042
940,31.333333,6,236.715208,24.484277,0.0,0.273125,0.321597,0.013125
941,31.366667,6,236.712639,24.503346,0.0,0.273403,0.012292,0.0
942,31.4,6,236.713403,24.518083,0.0,0.273403,0.010486,0.0
943,31.433333,6,236.70875,24.526978,0.0,0.273472,0.005625,0.0
944,31.466667,6,236.725139,24.500508,0.0,0.273958,0.021528,0.0
945,31.5,6,236.718889,24.507697,0.0,0.273681,0.013472,0.0
946,31.533333,6,236.708819,24.506836,0.0,0.273403,0.021458,0.0
947,31.566667,6,236.680833,24.534461,0.0,0.272708,0.033264,0.0
948,31.6,6,236.679861,24.520932,0.0,0.277292,0.050417,0.0
949,31.633333,6,236.655556,24.552658,0.0,0.276944,0.037917,0.0
950,31.666667,6,236.638403,24.57057,0.0,0.277222,0.046736,0.0
951,31.7,6,236.593194,24.63175,0.0,0.275486,0.051458,0.000139
952,31.733333,6,236.583611,24.653118,0.0,0.277917,0.051111,6.9e-05
953,31.766667,6,236.550486,24.714232,0.0,0.277708,0.046597,0.000417
954,31.8,6,236.532222,24.755486,0.0,0.278889,0.040347,0.0
955,31.833333,6,236.510625,24.805376,0.0,0.279861,0.034375,0.0
956,31.866667,6,236.528125,24.772925,0.0,0.282222,0.035556,0.0
957,31.9,6,236.526597,24.787354,0.0,0.282361,0.026111,0.0
958,31.933333,6,236.523194,24.775635,0.0,0.282847,0.030069,0.0
959,31.966667,6,236.502569,24.807296,0.0,0.279931,0.030208,0.0
960,32.0,6,236.530625,24.779229,0.0,0.281389,0.038056,0.0
961,32.033333,6,236.534861,24.787971,0.0,0.281667,0.027986,0.0
962,32.066667,6,236.537153,24.784863,0.0,0.281875,0.018403,0.0
963,32.1,6,236.510556,24.80756,0.0,0.280347,0.038264,0.0
964,32.133333,6,236.538542,24.778873,0.0,0.281944,0.039097,0.0
965,32.166667,6,236.532569,24.787924,0.0,0.281806,0.028194,0.0
966,32.2,6,236.545486,24.787405,0.0,0.281736,0.031944,0.0
967,32.233333,6,236.513889,24.80842,0.0,0.278958,0.043542,0.0
968,32.266667,6,236.543125,24.789911,0.0,0.279792,0.039097,0.0
969,32.3,6,236.539306,24.803687,0.0,0.280486,0.025208,0.0
970,32.333333,6,236.549306,24.800449,0.0,0.286736,0.028056,0.0
971,32.366667,6,236.523958,24.838671,0.0,0.286597,0.033958,0.0
972,32.4,6,236.537361,24.810501,0.0,0.285694,0.031319,0.0
973,32.433333,6,236.534583,24.830594,0.0,0.286458,0.029583,0.0
974,32.466667,6,236.541042,24.821996,0.0,0.287292,0.024792,0.0
975,32.5,6,236.513889,24.838097,0.0,0.285139,0.046042,0.0
976,32.533333,6,236.543472,24.828169,0.0,0.285972,0.045139,0.0
977,32.566667,6,236.534167,24.829657,0.0,0.286458,0.027222,0.0
978,32.6,6,236.543611,24.827142,0.0,0.286319,0.025417,0.0
979,32.633333,6,236.512292,24.845307,0.0,0.283681,0.043681,0.0
980,32.666667,6,236.537986,24.823571,0.0,0.289028,0.040417,0.0
981,32.7,6,236.534306,24.831853,0.0,0.288958,0.024792,0.0
982,32.733333,6,236.538958,24.828579,0.0,0.288194,0.027292,0.0
983,32.766667,6,236.520556,24.859553,0.0,0.287292,0.032292,0.0
984,32.8,6,236.541806,24.825363,0.0,0.289028,0.036111,0.0
985,32.833333,6,236.531875,24.836011,0.0,0.289514,0.033819,0.0
986,32.866667,6,236.539653,24.823356,0.0,0.288264,0.02625,0.0
987,32.9,6,236.516181,24.849746,0.0,0.286806,0.034306,0.0
988,32.933333,6,236.544514,24.826886,0.0,0.287847,0.052361,0.0
989,32.966667,6,236.534444,24.829436,0.0,0.288056,0.034931,0.0
990,33.0,6,236.540694,24.817719,0.0,0.288472,0.039028,0.0
991,33.033333,6,236.513125,24.843624,0.0,0.283194,0.045069,0.0
992,33.066667,6,236.542222,24.81285,0.0,0.288194,0.048264,0.0
993,33.1,6,236.529444,24.82079,0.0,0.287222,0.039722,0.0
994,33.133333,6,236.539583,24.80257,0.0,0.2875,0.037639,0.0
995,33.166667,6,236.514722,24.833718,0.0,0.285764,0.040833,0.0
996,33.2,6,236.539236,24.801663,0.0,0.288056,0.045486,0.0
997,33.233333,6,236.525139,24.814642,0.0,0.286597,0.039097,0.0
998,33.266667,6,236.544444,24.80736,0.0,0.288403,0.049861,0.0
999,33.3,6,236.686875,24.281447,0.0,0.286389,0.216736,0.008819
1000,33.333333,6,236.932292,23.677027,0.0,0.288889,0.274444,0.010694
1001,33.366667,6,237.124514,23.281084,0.0,0.287708,0.253472,0.009931
1002,33.4,6,237.335833,23.022501,0.0,0.28875,0.246597,0.009236
1003,33.433333,6,237.486875,22.890857,0.0,0.286667,0.223403,0.008542
1004,33.466667,6,237.648681,22.785722,0.0,0.290347,0.187917,0.005903
1005,33.5,6,237.737292,22.767928,0.0,0.288125,0.144861,0.001944
1006,33.533333,6,237.788542,22.735058,0.0,0.288611,0.088611,6.9e-05
1007,33.566667,6,237.787847,22.75602,0.0,0.286875,0.07625,0.0
1008,33.6,6,237.831528,22.712578,0.0,0.290208,0.072569,0.0
1009,33.633333,6,237.827431,22.731754,0.0,0.287847,0.061458,0.0
1010,33.666667,6,237.833056,22.725583,0.0,0.288819,0.053819,0.0
1011,33.7,6,237.808125,22.953992,0.0,0.295278,0.641458,0.024653
1012,33.733333,6,237.796319,22.654766,0.0,0.274514,1.783889,0.050694
1013,33.766667,6,237.788333,22.793482,0.0,0.290208,2.583542,0.06625
1014,33.8,6,237.456528,22.690932,0.0,0.286181,3.549028,0.077014
1015,33.833333,6,237.230278,22.59592,0.0,0.282569,3.951111,0.083403
1016,33.866667,6,236.860069,22.360678,0.0,0.272708,4.557569,0.098958
1017,33.9,6,236.398889,22.552077,0.0,0.273264,4.959931,0.099792
1018,33.933333,6,235.821181,22.457037,0.0,0.265764,5.383542,0.102431
1019,33.966667,6,235.246667,22.121448,0.0,0.25875,5.590347,0.107292
1020,34.0,7,234.356736,21.455685,0.0,0.243611,5.852014,0.114653
1021,34.033333,7,233.4025,21.198649,0.0,0.202639,5.807431,0.116458
1022,34.066667,7,232.165833,21.162175,0.0,0.052361,5.824583,0.116181
1023,34.1,7,230.683681,21.463823,0.0,0.009722,5.584097,0.12375
1024,34.133333,7,229.091389,22.349487,0.0,0.0025,5.253542,0.124792
1025,34.166667,7,227.505903,24.066302,0.0,0.0,5.137153,0.14125
1026,34.2,7,225.100625,27.060264,0.0,0.0,5.224028,0.139444
1027,34.233333,7,223.472917,29.629191,0.0,0.0,4.134792,0.135
1028,34.266667,7,221.806181,32.564737,0.0,0.0,4.121736,0.147569
1029,34.3,7,220.140486,35.823556,0.0,0.0,4.144167,0.197014
1030,34.333333,7,218.535,39.509953,0.0,0.0,4.216875,0.209028
1031,34.366667,7,216.814583,43.135392,0.0,0.0,4.143333,0.188681
1032,34.4,7,214.99375,47.100588,0.0,0.000556,4.425833,0.222917
1033,34.433333,7,213.166806,51.251151,0.0,0.001389,4.445278,0.220347
1034,34.466667,7,211.241875,55.21906,0.0,0.006528,4.758403,0.230278
1035,34.5,7,209.224236,59.501203,0.0,0.05875,4.922639,0.230486
1036,34.533333,7,206.980417,63.898803,0.0,0.149028,5.031319,0.238889
1037,34.566667,7,204.588542,67.959819,0.0,0.148056,5.047292,0.234514
1038,34.6,7,202.337847,72.417773,0.0,0.156597,5.234861,0.242778
1039,34.633333,7,200.200903,75.865715,0.0,0.151736,4.93625,0.215625
1040,34.666667,7,198.197014,79.440068,0.0,0.155833,4.766111,0.141806
1041,34.7,7,197.384722,80.371599,0.0,0.161458,3.554653,0.088403
1042,34.733333,7,197.010903,80.629613,0.0,0.158125,2.991597,0.086319
1043,34.766667,7,196.684792,80.76199,0.0,0.160417,2.536806,0.078264
1044,34.8,7,196.343056,81.05259,0.0,0.159653,2.209236,0.074097
1045,34.833333,7,196.137153,81.143615,0.0,0.157083,1.649375,0.066667
1046,34.866667,7,196.050694,81.068833,0.0,0.161389,0.986875,0.039792
1047,34.9,7,196.033264,81.049221,0.0,0.159236,0.356736,0.008125
1048,34.933333,7,196.030278,81.044232,0.0,0.159306,0.040069,0.0
1049,34.966667,7,196.033889,81.036069,0.0,0.160139,0.043333,0.0
1050,35.0,7,196.000139,81.040473,0.0,0.159028,0.053472,0.0
1051,35.033333,7,196.005972,81.02293,0.0,0.159375,0.058889,0.0
1052,35.066667,7,195.980069,81.01551,0.0,0.158889,0.055208,6.9e-05
1053,35.1,7,195.966319,81.006067,0.0,0.158889,0.055278,0.000139
1054,35.133333,7,195.919861,81.012063,0.0,0.158819,0.064792,0.000139
1055,35.166667,7,195.925139,80.99827,0.0,0.158681,0.064583,0.000208
1056,35.2,7,195.894653,81.000455,0.0,0.158681,0.054931,0.000347
1057,35.233333,7,195.883611,80.994225,0.0,0.158542,0.050486,0.0
1058,35.266667,7,195.855069,81.006856,0.0,0.158472,0.045069,0.0
1059,35.3,7,195.879306,80.994439,0.0,0.158472,0.039375,0.0
1060,35.333333,7,195.873125,80.998704,0.0,0.158333,0.027569,0.0
1061,35.366667,7,195.87875,80.995061,0.0,0.158333,0.029792,0.0
1062,35.4,7,195.850833,81.011185,0.0,0.158264,0.038889,0.0
1063,35.433333,7,195.875069,80.997926,0.0,0.158333,0.042569,6.9e-05
1064,35.466667,7,195.870347,81.001163,0.0,0.158333,0.02625,0.0
1065,35.5,7,195.874444,80.998034,0.0,0.158264,0.027708,0.0
1066,35.533333,7,195.847986,81.014293,0.0,0.158125,0.037708,0.0
1067,35.566667,7,195.843333,81.018538,0.0,0.157986,0.028819,6.9e-05
1068,35.6,7,195.866181,81.003144,0.0,0.157986,0.039375,6.9e-05
1069,35.633333,7,195.859306,81.00619,0.0,0.157917,0.027708,6.9e-05
1070,35.666667,7,195.864861,81.001726,0.0,0.157986,0.029306,6.9e-05
1071,35.7,7,195.8375,81.020296,0.0,0.157917,0.035972,6.9e-05
1072,35.733333,7,195.837292,81.02134,0.0,0.157986,0.029514,6.9e-05
1073,35.766667,7,195.832778,81.02554,0.0,0.158125,0.026458,0.000139
1074,35.8,7,195.831042,81.025153,0.0,0.158056,0.024236,6.9e-05
1075,35.833333,7,195.828681,81.028102,0.0,0.158056,0.024722,6.9e-05
1076,35.866667,7,195.827569,81.029828,0.0,0.158056,0.023472,0.0
1077,35.9,7,195.825903,81.029899,0.0,0.158056,0.028611,6.9e-05
1078,35.933333,7,195.825903,81.029894,0.0,0.158056,0.025694,6.9e-05
1079,35.966667,7,195.825625,81.030633,0.0,0.158056,0.025833,0.0
1080,36.0,7,195.849167,81.020533,0.0,0.158056,0.036042,0.0
1081,36.033333,7,195.842292,81.026539,0.0,0.158056,0.021042,0.0
1082,36.066667,7,195.847917,81.025243,0.0,0.158056,0.020486,0.0
1083,36.1,7,195.826597,81.036401,0.0,0.157986,0.029097,0.0
1084,36.133333,7,195.822917,81.0395,0.0,0.157986,0.020347,0.0
1085,36.166667,7,195.820972,81.043064,0.0,0.158056,0.019583,0.0
1086,36.2,7,195.822083,81.0421,0.0,0.158194,0.02,0.0
1087,36.233333,7,195.820625,81.045448,0.0,0.158264,0.020625,0.0
1088,36.266667,7,195.818958,81.046694,0.0,0.158333,0.017778,0.0
1089,36.3,7,195.816319,81.05292,0.0,0.158472,0.01875,0.0
1090,36.333333,7,195.817569,81.052914,0.0,0.158681,0.017778,0.0
1091,36.366667,7,195.816111,81.055991,0.0,0.158819,0.019653,0.0
1092,36.4,7,195.815417,81.057405,0.0,0.158819,0.02,0.0
1093,36.433333,7,195.813611,81.060233,0.0,0.158889,0.017361,0.0
1094,36.466667,7,195.811458,81.062075,0.0,0.159167,0.019514,0.0
1095,36.5,7,195.810417,81.064105,0.0,0.159306,0.019931,0.0
1096,36.533333,7,195.807292,81.06628,0.0,0.159306,0.018125,0.0
1097,36.566667,7,195.806111,81.066944,0.0,0.159583,0.019236,0.0
1098,36.6,7,195.805764,81.068915,0.0,0.159722,0.015625,0.0
1099,36.633333,7,195.804792,81.070328,0.0,0.159861,0.015278,0.0
1100,36.666667,7,195.805069,81.068147,0.0,0.16,0.016111,0.0
1101,36.7,7,195.804306,81.0679,0.0,0.160139,0.015764,0.0
1102,36.733333,7,195.804097,81.068742,0.0,0.160278,0.013681,0.0
1103,36.766667,7,195.805069,81.067241,0.0,0.160417,0.015556,0.0
1104,36.8,7,195.802847,81.069236,0.0,0.160486,0.014861,0.0
1105,36.833333,7,195.800903,81.070958,0.0,0.160486,0.016111,0.0
1106,36.866667,7,195.79875,81.072515,0.0,0.160694,0.013819,0.0
1107,36.9,7,195.797153,81.073318,0.0,0.160833,0.014375,0.0
1108,36.933333,7,195.796944,81.073586,0.0,0.161042,0.012986,0.0
1109,36.966667,7,195.797222,81.073883,0.0,0.161181,0.012639,0.0
1110,37.0,7,195.797222,81.074768,0.0,0.161319,0.011944,0.0
1111,37.033333,7,195.796319,81.073627,0.0,0.161389,0.012431,0.0
1112,37.066667,7,195.795833,81.072748,0.0,0.161667,0.013542,0.0
1113,37.1,7,195.793681,81.07448,0.0,0.161667,0.011597,0.0
1114,37.133333,7,195.7925,81.07623,0.0,0.161806,0.014375,0.0
1115,37.166667,7,195.791111,81.077239,0.0,0.161944,0.012222,0.0
1116,37.2,7,195.790278,81.076877,0.0,0.162222,0.014444,0.0
1117,37.233333,7,195.807361,81.066959,0.0,0.162361,0.021944,0.0
1118,37.266667,7,195.792778,81.075346,0.0,0.162361,0.019583,0.0
1119,37.3,7,195.791806,81.075314,0.0,0.162431,0.009167,0.0
1120,37.333333,7,195.803681,81.06957,0.0,0.162569,0.016042,0.0
1121,37.366667,7,195.790903,81.076303,0.0,0.162569,0.015139,0.0
1122,37.4,7,195.78875,81.076592,0.0,0.162708,0.010069,0.0
1123,37.433333,7,195.79875,81.071711,0.0,0.162847,0.015417,0.0
1124,37.466667,7,195.786319,81.078002,0.0,0.162778,0.014792,0.0
1125,37.5,7,195.785417,81.078653,0.0,0.162847,0.007986,0.0
1126,37.533333,7,195.7975,81.073381,0.0,0.162917,0.015139,0.0
1127,37.566667,7,195.785208,81.076548,0.0,0.162847,0.013403,0.0
1128,37.6,7,195.783611,81.077213,0.0,0.162847,0.009792,0.0
1129,37.633333,7,195.793472,81.072178,0.0,0.162917,0.013889,0.0
1130,37.666667,7,195.782153,81.075939,0.0,0.162847,0.012986,0.0
1131,37.7,7,195.781597,81.076911,0.0,0.162847,0.008472,0.0
1132,37.733333,7,195.791736,81.072788,0.0,0.162847,0.013194,0.0
1133,37.766667,7,195.780347,81.077186,0.0,0.162847,0.011667,0.0
1134,37.8,7,195.778889,81.077133,0.0,0.162847,0.009931,0.0
1135,37.833333,7,195.788403,81.071774,0.0,0.162847,0.011597,0.0
1136,37.866667,7,195.778819,81.076552,0.0,0.162847,0.010833,0.0
1137,37.9,7,195.779167,81.07691,0.0,0.162917,0.008264,0.0
1138,37.933333,7,195.786597,81.073119,0.0,0.162917,0.009653,0.0
1139,37.966667,7,195.779097,81.077117,0.0,0.162917,0.008056,0.0
1140,38.0,7,195.777292,81.078279,0.0,0.162917,0.007778,0.0
1141,38.033333,7,195.784375,81.074736,0.0,0.162986,0.008472,0.0
1142,38.066667,7,195.778056,81.076761,0.0,0.162986,0.006875,0.0
1143,38.1,7,195.777014,81.076187,0.0,0.162986,0.007431,0.0
1144,38.133333,7,195.784514,81.072951,0.0,0.162986,0.00875,0.0
1145,38.166667,7,195.778542,81.076308,0.0,0.162986,0.006944,0.0
1146,38.2,7,195.787431,81.071515,0.0,0.162986,0.014028,0.0
1147,38.233333,7,195.784861,81.072668,0.0,0.163056,0.005208,0.0
1148,38.266667,7,195.786597,81.070834,0.0,0.163056,0.005208,0.0
1149,38.3,7,195.779236,81.074125,0.0,0.163056,0.009306,0.0
1150,38.333333,7,195.780278,81.071336,0.0,0.163056,0.008542,0.0
1151,38.366667,7,195.786042,81.068812,0.0,0.163125,0.006458,0.0
1152,38.4,7,195.780972,81.069742,0.0,0.163125,0.005625,0.0
1153,38.433333,7,195.791389,81.063014,0.0,0.163125,0.013472,0.0
1154,38.466667,7,195.789306,81.062573,0.0,0.163125,0.006111,0.0
1155,38.5,7,195.790833,81.061186,0.0,0.163125,0.005278,0.0
1156,38.533333,7,195.782986,81.064746,0.0,0.163125,0.008542,0.0
1157,38.566667,7,195.782361,81.065203,0.0,0.163125,0.007431,0.0
1158,38.6,7,195.792292,81.059267,0.0,0.163125,0.010903,0.0
1159,38.633333,7,195.787014,81.061544,0.0,0.163125,0.007222,0.0
1160,38.666667,7,195.786042,81.060769,0.0,0.163125,0.008472,0.0
1161,38.7,7,195.796875,81.053269,0.0,0.163125,0.0125,0.0
1162,38.733333,7,195.791389,81.053103,0.0,0.163125,0.007569,0.0
1163,38.766667,7,195.804097,81.047359,0.0,0.163194,0.015069,0.0
1164,38.8,7,195.803542,81.045257,0.0,0.163194,0.005833,0.0
1165,38.833333,7,195.806042,81.04361,0.0,0.163194,0.004722,0.0
1166,38.866667,7,195.79875,81.044134,0.0,0.163194,0.013681,0.0
1167,38.9,7,195.813819,81.037378,0.0,0.163194,0.018403,0.0
1168,38.933333,7,195.814722,81.034504,0.0,0.163125,0.008681,0.0
1169,38.966667,7,195.817222,81.032916,0.0,0.163125,0.006806,0.0
1170,39.0,7,195.807917,81.034197,0.0,0.163125,0.015556,0.0
1171,39.033333,7,195.826389,81.02566,0.0,0.163125,0.021528,0.0
1172,39.066667,7,195.824514,81.025428,0.0,0.163125,0.006181,0.0
1173,39.1,7,195.831458,81.020618,0.0,0.163125,0.009444,0.0
1174,39.133333,7,195.818194,81.023957,0.0,0.163125,0.016458,0.0
1175,39.166667,7,195.837292,81.014098,0.0,0.163125,0.024792,0.0
1176,39.2,7,195.837917,81.012022,0.0,0.163125,0.010625,0.0
1177,39.233333,7,195.842153,81.007832,0.0,0.163125,0.010764,0.0
1178,39.266667,7,195.830625,81.0111,0.0,0.163125,0.015417,0.0
1179,39.3,7,195.846597,81.001774,0.0,0.163125,0.020139,0.0
1180,39.333333,7,195.847847,80.999726,0.0,0.163125,0.010556,0.0
1181,39.366667,7,195.853472,80.995596,0.0,0.163125,0.011181,0.0
1182,39.4,7,195.839722,80.998731,0.0,0.162986,0.018056,0.0
1183,39.433333,7,195.863056,80.98529,0.0,0.163056,0.027917,0.0
1184,39.466667,7,195.863056,80.984246,0.0,0.163125,0.009861,0.0
1185,39.5,7,195.868681,80.980451,0.0,0.163125,0.013264,0.0
1186,39.533333,7,195.856319,80.984507,0.0,0.163125,0.020556,0.0
1187,39.566667,7,195.886597,80.969908,0.0,0.163125,0.034306,0.0
1188,39.6,7,196.038264,80.87517,0.0,0.163125,0.168472,0.00875
1189,39.633333,7,196.257708,80.787605,0.0,0.163125,0.227083,0.010278
1190,39.666667,7,196.444722,80.756348,0.0,0.163125,0.222847,0.009792
1191,39.7,7,196.762639,80.688407,0.0,0.162917,0.477083,0.019792
1192,39.733333,7,197.325208,80.429466,0.0,0.155694,1.027153,0.035208
1193,39.766667,7,198.128889,80.089984,0.0,0.156944,1.500764,0.047778
1194,39.8,7,199.086736,79.132602,0.0,0.153264,1.907569,0.056111
1195,39.833333,7,200.228889,78.40486,0.0,0.145833,2.328125,0.060069
1196,39.866667,7,201.484583,77.233209,0.0,0.142431,2.494028,0.065347
1197,39.9,7,202.864583,76.130435,0.0,0.135069,2.736528,0.069236
1198,39.933333,7,204.377917,74.614004,0.0,0.12875,2.937083,0.069097
1199,39.966667,7,205.989444,73.132713,0.0,0.121667,3.097083,0.071042
1200,40.0,8,207.644236,71.256443,0.0,0.114306,3.165903,0.074931
1201,40.033333,8,209.784306,68.710397,0.0,0.109236,3.552292,0.073403
1202,40.066667,8,212.616319,63.980401,0.0,0.100486,4.078125,0.146181
1203,40.1,8,215.379444,58.905822,0.0,0.094583,4.083403,0.159167
1204,40.133333,8,218.064792,53.61823,0.0,0.081389,3.792569,0.149444
1205,40.166667,8,220.575069,48.508398,0.0,0.061389,3.534722,0.141875
1206,40.2,8,222.699097,43.612445,0.0,0.003611,3.24,0.129861
1207,40.233333,8,224.559028,39.068202,0.0,0.000625,2.913819,0.119167
1208,40.266667,8,226.212639,34.698268,0.0,0.0,2.56,0.109097
1209,40.3,8,227.603472,30.827344,0.0,0.0,2.211389,0.098056
1210,40.333333,8,228.838958,27.208342,0.0,0.0,1.954097,0.091389
1211,40.366667,8,229.80875,24.090846,0.0,0.0,1.744514,0.081528
1212,40.4,8,230.602222,21.390184,0.0,0.0,1.499167,0.073889
1213,40.433333,8,231.235764,19.225556,0.0,0.0,1.310069,0.062222
1214,40.466667,8,231.715625,17.621295,0.0,0.0,1.131528,0.047847
1215,40.5,8,232.082708,16.596298,0.0,0.0,0.985694,0.035347
1216,40.533333,8,232.306111,16.218908,0.0,0.0,0.864653,0.026736
1217,40.566667,8,232.437431,16.331338,0.0,0.0,0.759931,0.022083
1218,40.6,8,232.469167,16.974663,0.0,0.0,0.685486,0.019861
1219,40.633333,8,232.432569,17.996748,0.0,0.0,0.630625,0.017708
1220,40.666667,8,232.319097,19.301426,0.0,0.0,0.577639,0.017431
1221,40.7,8,232.262014,20.052965,0.0,0.0,0.434028,0.006806
1222,40.733333,8,232.244167,20.27161,0.0,0.0,0.316875,0.002917
1223,40.766667,8,232.197361,20.608216,0.0,0.0,0.289028,0.004097
1224,40.8,8,232.102778,21.052339,0.0,0.0,0.282083,0.005347
1225,40.833333,8,232.010556,21.537542,0.0,0.0,0.250417,0.004444
1226,40.866667,8,231.880069,22.115065,0.0,0.0,0.236875,0.005903
1227,40.9,8,231.806319,22.41497,0.0,0.0,0.137778,0.0
1228,40.933333,8,231.803542,22.435957,0.0,0.0,0.017222,0.0
1229,40.966667,8,231.804236,22.436096,0.0,0.0,0.000694,0.0
1230,41.0,8,231.80375,22.438195,0.0,0.0,0.000625,0.0
1231,41.033333,8,231.80375,22.438294,0.0,0.0,0.00125,0.0
1232,41.066667,8,231.803819,22.438284,0.0,0.0,6.9e-05,0.0
1233,41.1,8,231.803819,22.438284,0.0,0.0,0.0,0.0
1234,41.133333,8,231.80375,22.437817,0.0,0.0,0.000347,0.0
1235,41.166667,8,231.803889,22.437543,0.0,0.0,0.000833,0.0
1236,41.2,8,231.803889,22.437543,0.0,0.0,0.0,0.0
1237,41.233333,8,231.803889,22.437543,0.0,0.0,0.0,0.0
1238,41.266667,8,231.803889,22.437549,0.0,0.0,0.000139,0.0
1239,41.3,8,231.803958,22.437555,0.0,0.0,0.000208,0.0
1240,41.333333,8,231.803958,22.437555,0.0,0.0,0.0,0.0
1241,41.366667,8,231.803958,22.437555,0.0,0.0,0.0,0.0
1242,41.4,8,231.803958,22.437576,0.0,0.0,0.000417,0.0
1243,41.433333,8,231.80375,22.437975,0.0,0.0,0.000208,0.0
1244,41.466667,8,231.80375,22.437975,0.0,0.0,0.0,0.0
1245,41.5,8,231.80375,22.437975,0.0,0.0,0.0,0.0
1246,41.533333,8,231.803819,22.437999,0.0,0.0,6.9e-05,0.0
1247,41.566667,8,231.803819,22.437956,0.0,0.0,0.000139,0.0
1248,41.6,8,231.803819,22.437956,0.0,0.0,0.0,0.0
1249,41.633333,8,231.803819,22.437956,0.0,0.0,0.0,0.0
1250,41.666667,8,231.803958,22.437548,0.0,0.0,0.000139,0.0
1251,41.7,8,231.803958,22.437948,0.0,0.0,0.000417,0.0
1252,41.733333,8,231.803958,22.437948,0.0,0.0,0.0,0.0
1253,41.766667,8,231.803958,22.437948,0.0,0.0,0.0,0.0
1254,41.8,8,231.803889,22.438007,0.0,0.0,0.000208,0.0
1255,41.833333,8,231.803819,22.437984,0.0,0.0,6.9e-05,0.0
1256,41.866667,8,231.803819,22.437984,0.0,0.0,0.0,0.0
1257,41.9,8,231.803819,22.437984,0.0,0.0,0.0,0.0
1258,41.933333,8,231.803958,22.437576,0.0,0.0,0.000139,0.0
1259,41.966667,8,231.803819,22.437984,0.0,0.0,0.000139,0.0
1260,42.0,8,231.803819,22.437984,0.0,0.0,0.0,0.0
1261,42.033333,8,231.803819,22.437984,0.0,0.0,0.0,0.0
1262,42.066667,8,231.803889,22.438007,0.0,0.0,6.9e-05,0.0
1263,42.1,8,231.803819,22.437984,0.0,0.0,6.9e-05,0.0
1264,42.133333,8,231.803819,22.437984,0.0,0.0,0.0,0.0
1265,42.166667,8,231.803819,22.437984,0.0,0.0,0.0,0.0
1266,42.2,8,231.803889,22.437596,0.0,0.0,0.000208,0.0
1267,42.233333,8,231.80375,22.438003,0.0,0.0,0.000139,0.0
1268,42.266667,8,231.80375,22.438003,0.0,0.0,0.0,0.0
1269,42.3,8,231.80375,22.438003,0.0,0.0,0.0,0.0
1270,42.333333,8,231.803819,22.438027,0.0,0.0,6.9e-05,0.0
1271,42.366667,8,231.803819,22.438027,0.0,0.0,0.0,0.0
1272,42.4,8,231.797847,22.449429,0.0,0.0,0.014167,0.0
1273,42.433333,8,231.797986,22.448833,0.0,0.0,0.000278,0.0
1274,42.466667,8,231.797986,22.448833,0.0,0.0,0.0,0.0
1275,42.5,8,231.797986,22.448833,0.0,0.0,0.0,0.0
1276,42.533333,8,231.797986,22.448833,0.0,0.0,0.0,0.0
1277,42.566667,8,231.797986,22.448833,0.0,0.0,0.0,0.0
1278,42.6,8,231.797917,22.448902,0.0,0.0,6.9e-05,0.0
1279,42.633333,8,231.797917,22.448902,0.0,0.0,0.0,0.0
1280,42.666667,8,231.797917,22.448902,0.0,0.0,0.0,0.0
1281,42.7,8,231.797986,22.448833,0.0,0.0,6.9e-05,0.0
1282,42.733333,8,231.797986,22.448833,0.0,0.0,0.0,0.0
1283,42.766667,8,231.797986,22.448833,0.0,0.0,0.0,0.0
1284,42.8,8,231.797986,22.448833,0.0,0.0,0.0,0.0
1285,42.833333,8,231.797986,22.448833,0.0,0.0,0.0,0.0
1286,42.866667,8,231.797986,22.448833,0.0,0.0,0.0,0.0
1287,42.9,8,231.797986,22.448833,0.0,0.0,0.0,0.0
1288,42.933333,8,231.797917,22.448902,0.0,0.0,6.9e-05,0.0
1289,42.966667,8,231.797986,22.448833,0.0,0.0,6.9e-05,0.0
1290,43.0,8,231.797986,22.448833,0.0,0.0,0.0,0.0
1291,43.033333,8,231.797986,22.448833,0.0,0.0,0.0,0.0
1292,43.066667,8,231.797778,22.449399,0.0,0.0,0.000208,0.0
1293,43.1,8,231.797778,22.449399,0.0,0.0,0.0,0.0
1294,43.133333,8,231.797778,22.449399,0.0,0.0,0.0,0.0
1295,43.166667,8,231.797778,22.449399,0.0,0.0,0.0,0.0
1296,43.2,8,231.797778,22.449399,0.0,0.0,0.0,0.0
1297,43.233333,8,231.797917,22.449254,0.0,0.0,0.000139,0.0
1298,43.266667,8,231.797917,22.449254,0.0,0.0,0.0,0.0
1299,43.3,8,231.797917,22.449254,0.0,0.0,0.0,0.0
1300,43.333333,8,231.797917,22.449254,0.0,0.0,0.0,0.0
1301,43.366667,8,231.797917,22.449254,0.0,0.0,0.0,0.0
1302,43.4,8,231.797917,22.449254,0.0,0.0,0.0,0.0
1303,43.433333,8,231.797917,22.449254,0.0,0.0,0.0,0.0
1304,43.466667,8,231.797917,22.449254,0.0,0.0,0.0,0.0
1305,43.5,8,231.798056,22.44877,0.0,0.0,0.000139,0.0
1306,43.533333,8,231.798056,22.44877,0.0,0.0,0.0,0.0
1307,43.566667,8,231.798056,22.44877,0.0,0.0,0.0,0.0
1308,43.6,8,231.798056,22.44877,0.0,0.0,0.0,0.0
1309,43.633333,8,231.798056,22.44877,0.0,0.0,0.0,0.0
1310,43.666667,8,231.798056,22.44877,0.0,0.0,0.0,0.0
1311,43.7,8,231.798056,22.44877,0.0,0.0,0.0,0.0
1312,43.733333,8,231.797778,22.449399,0.0,0.0,0.000278,0.0
1313,43.766667,8,231.797778,22.449399,0.0,0.0,0.0,0.0
1314,43.8,8,231.797778,22.449399,0.0,0.0,0.0,0.0
1315,43.833333,8,231.797778,22.449399,0.0,0.0,0.0,0.0
1316,43.866667,8,231.797778,22.449399,0.0,0.0,0.0,0.0
1317,43.9,8,231.797778,22.449399,0.0,0.0,0.0,0.0
1318,43.933333,8,231.797778,22.449399,0.0,0.0,0.0,0.0
1319,43.966667,8,231.797778,22.449399,0.0,0.0,0.0,0.0
